refArea,Indicator Code,Value,Observation URI,references,publisher,dataset,refPeriod
http://dbpedia.org/resource/Lebanon,SE.ADT.1524.LT.FM.ZS,1.00693e+00,http://linked.aub.edu.lb/CODEC/Lebanon/observation/social-development-Lebanon-SE.ADT.1524.LT.FM.ZS-2007,https://data.humdata.org/dataset/world-bank-social-development-indicators-for-lebanon,The World Bank,http://linked.aub.edu.lb/CODEC/Lebanon/Dataset/social-development-Lebanon,2007
http://dbpedia.org/resource/Lebanon,SE.ADT.1524.LT.FM.ZS,1.00176e+00,http://linked.aub.edu.lb/CODEC/Lebanon/observation/social-development-Lebanon-SE.ADT.1524.LT.FM.ZS-2009,https://data.humdata.org/dataset/world-bank-social-development-indicators-for-lebanon,The World Bank,http://linked.aub.edu.lb/CODEC/Lebanon/Dataset/social-development-Lebanon,2009
http://dbpedia.org/resource/Lebanon,SE.ADT.1524.LT.FM.ZS,1.0016e+00,http://linked.aub.edu.lb/CODEC/Lebanon/observation/social-development-Lebanon-SE.ADT.1524.LT.FM.ZS-2019,https://data.humdata.org/dataset/world-bank-social-development-indicators-for-lebanon,The World Bank,http://linked.aub.edu.lb/CODEC/Lebanon/Dataset/social-development-Lebanon,2019
http://dbpedia.org/resource/Lebanon,SE.ENR.PRIM.FM.ZS,8.6181e-01,http://linked.aub.edu.lb/CODEC/Lebanon/observation/social-development-Lebanon-SE.ENR.PRIM.FM.ZS-1971,https://data.humdata.org/dataset/world-bank-social-development-indicators-for-lebanon,The World Bank,http://linked.aub.edu.lb/CODEC/Lebanon/Dataset/social-development-Lebanon,1971
http://dbpedia.org/resource/Lebanon,SE.ENR.PRIM.FM.ZS,9.3293e-01,http://linked.aub.edu.lb/CODEC/Lebanon/observation/social-development-Lebanon-SE.ENR.PRIM.FM.ZS-1974,https://data.humdata.org/dataset/world-bank-social-development-indicators-for-lebanon,The World Bank,http://linked.aub.edu.lb/CODEC/Lebanon/Dataset/social-development-Lebanon,1974
http://dbpedia.org/resource/Lebanon,SE.ENR.PRIM.FM.ZS,9.3665e-01,http://linked.aub.edu.lb/CODEC/Lebanon/observation/social-development-Lebanon-SE.ENR.PRIM.FM.ZS-1982,https://data.humdata.org/dataset/world-bank-social-development-indicators-for-lebanon,The World Bank,http://linked.aub.edu.lb/CODEC/Lebanon/Dataset/social-development-Lebanon,1982
http://dbpedia.org/resource/Lebanon,SE.ENR.PRIM.FM.ZS,9.1412e-01,http://linked.aub.edu.lb/CODEC/Lebanon/observation/social-development-Lebanon-SE.ENR.PRIM.FM.ZS-1983,https://data.humdata.org/dataset/world-bank-social-development-indicators-for-lebanon,The World Bank,http://linked.aub.edu.lb/CODEC/Lebanon/Dataset/social-development-Lebanon,1983
http://dbpedia.org/resource/Lebanon,SE.ENR.PRIM.FM.ZS,9.1153e-01,http://linked.aub.edu.lb/CODEC/Lebanon/observation/social-development-Lebanon-SE.ENR.PRIM.FM.ZS-1985,https://data.humdata.org/dataset/world-bank-social-development-indicators-for-lebanon,The World Bank,http://linked.aub.edu.lb/CODEC/Lebanon/Dataset/social-development-Lebanon,1985
http://dbpedia.org/resource/Lebanon,SE.ENR.PRSC.FM.ZS,8.0903e-01,http://linked.aub.edu.lb/CODEC/Lebanon/observation/social-development-Lebanon-SE.ENR.PRSC.FM.ZS-1971,https://data.humdata.org/dataset/world-bank-social-development-indicators-for-lebanon,The World Bank,http://linked.aub.edu.lb/CODEC/Lebanon/Dataset/social-development-Lebanon,1971
http://dbpedia.org/resource/Lebanon,SE.ENR.PRSC.FM.ZS,9.6921e-01,http://linked.aub.edu.lb/CODEC/Lebanon/observation/social-development-Lebanon-SE.ENR.PRSC.FM.ZS-1982,https://data.humdata.org/dataset/world-bank-social-development-indicators-for-lebanon,The World Bank,http://linked.aub.edu.lb/CODEC/Lebanon/Dataset/social-development-Lebanon,1982
http://dbpedia.org/resource/Lebanon,SE.ENR.PRSC.FM.ZS,9.3521e-01,http://linked.aub.edu.lb/CODEC/Lebanon/observation/social-development-Lebanon-SE.ENR.PRSC.FM.ZS-1985,https://data.humdata.org/dataset/world-bank-social-development-indicators-for-lebanon,The World Bank,http://linked.aub.edu.lb/CODEC/Lebanon/Dataset/social-development-Lebanon,1985
http://dbpedia.org/resource/Lebanon,SE.ENR.SECO.FM.ZS,6.836e-01,http://linked.aub.edu.lb/CODEC/Lebanon/observation/social-development-Lebanon-SE.ENR.SECO.FM.ZS-1971,https://data.humdata.org/dataset/world-bank-social-development-indicators-for-lebanon,The World Bank,http://linked.aub.edu.lb/CODEC/Lebanon/Dataset/social-development-Lebanon,1971
http://dbpedia.org/resource/Lebanon,SE.ENR.SECO.FM.ZS,7.7766e-01,http://linked.aub.edu.lb/CODEC/Lebanon/observation/social-development-Lebanon-SE.ENR.SECO.FM.ZS-1973,https://data.humdata.org/dataset/world-bank-social-development-indicators-for-lebanon,The World Bank,http://linked.aub.edu.lb/CODEC/Lebanon/Dataset/social-development-Lebanon,1973
http://dbpedia.org/resource/Lebanon,SE.ENR.SECO.FM.ZS,1.0182e+00,http://linked.aub.edu.lb/CODEC/Lebanon/observation/social-development-Lebanon-SE.ENR.SECO.FM.ZS-1982,https://data.humdata.org/dataset/world-bank-social-development-indicators-for-lebanon,The World Bank,http://linked.aub.edu.lb/CODEC/Lebanon/Dataset/social-development-Lebanon,1982
http://dbpedia.org/resource/Lebanon,SE.ENR.SECO.FM.ZS,9.6569e-01,http://linked.aub.edu.lb/CODEC/Lebanon/observation/social-development-Lebanon-SE.ENR.SECO.FM.ZS-1985,https://data.humdata.org/dataset/world-bank-social-development-indicators-for-lebanon,The World Bank,http://linked.aub.edu.lb/CODEC/Lebanon/Dataset/social-development-Lebanon,1985
http://dbpedia.org/resource/Lebanon,SE.ENR.TERT.FM.ZS,3.1961e-01,http://linked.aub.edu.lb/CODEC/Lebanon/observation/social-development-Lebanon-SE.ENR.TERT.FM.ZS-1971,https://data.humdata.org/dataset/world-bank-social-development-indicators-for-lebanon,The World Bank,http://linked.aub.edu.lb/CODEC/Lebanon/Dataset/social-development-Lebanon,1971
http://dbpedia.org/resource/Lebanon,SE.ENR.TERT.FM.ZS,3.4608e-01,http://linked.aub.edu.lb/CODEC/Lebanon/observation/social-development-Lebanon-SE.ENR.TERT.FM.ZS-1972,https://data.humdata.org/dataset/world-bank-social-development-indicators-for-lebanon,The World Bank,http://linked.aub.edu.lb/CODEC/Lebanon/Dataset/social-development-Lebanon,1972
http://dbpedia.org/resource/Lebanon,SE.ENR.TERT.FM.ZS,5.8759e-01,http://linked.aub.edu.lb/CODEC/Lebanon/observation/social-development-Lebanon-SE.ENR.TERT.FM.ZS-1980,https://data.humdata.org/dataset/world-bank-social-development-indicators-for-lebanon,The World Bank,http://linked.aub.edu.lb/CODEC/Lebanon/Dataset/social-development-Lebanon,1980
http://dbpedia.org/resource/Lebanon,SE.ENR.TERT.FM.ZS,5.8517e-01,http://linked.aub.edu.lb/CODEC/Lebanon/observation/social-development-Lebanon-SE.ENR.TERT.FM.ZS-1981,https://data.humdata.org/dataset/world-bank-social-development-indicators-for-lebanon,The World Bank,http://linked.aub.edu.lb/CODEC/Lebanon/Dataset/social-development-Lebanon,1981
http://dbpedia.org/resource/Lebanon,SE.ENR.TERT.FM.ZS,6.1987e-01,http://linked.aub.edu.lb/CODEC/Lebanon/observation/social-development-Lebanon-SE.ENR.TERT.FM.ZS-1982,https://data.humdata.org/dataset/world-bank-social-development-indicators-for-lebanon,The World Bank,http://linked.aub.edu.lb/CODEC/Lebanon/Dataset/social-development-Lebanon,1982
http://dbpedia.org/resource/Lebanon,SE.ENR.TERT.FM.ZS,6.1021e-01,http://linked.aub.edu.lb/CODEC/Lebanon/observation/social-development-Lebanon-SE.ENR.TERT.FM.ZS-1983,https://data.humdata.org/dataset/world-bank-social-development-indicators-for-lebanon,The World Bank,http://linked.aub.edu.lb/CODEC/Lebanon/Dataset/social-development-Lebanon,1983
http://dbpedia.org/resource/Lebanon,SE.ENR.TERT.FM.ZS,6.5123e-01,http://linked.aub.edu.lb/CODEC/Lebanon/observation/social-development-Lebanon-SE.ENR.TERT.FM.ZS-1985,https://data.humdata.org/dataset/world-bank-social-development-indicators-for-lebanon,The World Bank,http://linked.aub.edu.lb/CODEC/Lebanon/Dataset/social-development-Lebanon,1985
http://dbpedia.org/resource/Lebanon,SE.ENR.TERT.FM.ZS,9.4765e-01,http://linked.aub.edu.lb/CODEC/Lebanon/observation/social-development-Lebanon-SE.ENR.TERT.FM.ZS-1992,https://data.humdata.org/dataset/world-bank-social-development-indicators-for-lebanon,The World Bank,http://linked.aub.edu.lb/CODEC/Lebanon/Dataset/social-development-Lebanon,1992
http://dbpedia.org/resource/Lebanon,SE.ENR.TERT.FM.ZS,1.01424e+00,http://linked.aub.edu.lb/CODEC/Lebanon/observation/social-development-Lebanon-SE.ENR.TERT.FM.ZS-1996,https://data.humdata.org/dataset/world-bank-social-development-indicators-for-lebanon,The World Bank,http://linked.aub.edu.lb/CODEC/Lebanon/Dataset/social-development-Lebanon,1996
http://dbpedia.org/resource/Lebanon,SE.ENR.TERT.FM.ZS,1.05634e+00,http://linked.aub.edu.lb/CODEC/Lebanon/observation/social-development-Lebanon-SE.ENR.TERT.FM.ZS-1999,https://data.humdata.org/dataset/world-bank-social-development-indicators-for-lebanon,The World Bank,http://linked.aub.edu.lb/CODEC/Lebanon/Dataset/social-development-Lebanon,1999
http://dbpedia.org/resource/Lebanon,SE.ENR.TERT.FM.ZS,1.10852e+00,http://linked.aub.edu.lb/CODEC/Lebanon/observation/social-development-Lebanon-SE.ENR.TERT.FM.ZS-2000,https://data.humdata.org/dataset/world-bank-social-development-indicators-for-lebanon,The World Bank,http://linked.aub.edu.lb/CODEC/Lebanon/Dataset/social-development-Lebanon,2000
http://dbpedia.org/resource/Lebanon,SE.ENR.TERT.FM.ZS,1.11418e+00,http://linked.aub.edu.lb/CODEC/Lebanon/observation/social-development-Lebanon-SE.ENR.TERT.FM.ZS-2001,https://data.humdata.org/dataset/world-bank-social-development-indicators-for-lebanon,The World Bank,http://linked.aub.edu.lb/CODEC/Lebanon/Dataset/social-development-Lebanon,2001
http://dbpedia.org/resource/Lebanon,SE.ENR.TERT.FM.ZS,1.15024e+00,http://linked.aub.edu.lb/CODEC/Lebanon/observation/social-development-Lebanon-SE.ENR.TERT.FM.ZS-2002,https://data.humdata.org/dataset/world-bank-social-development-indicators-for-lebanon,The World Bank,http://linked.aub.edu.lb/CODEC/Lebanon/Dataset/social-development-Lebanon,2002
http://dbpedia.org/resource/Lebanon,SE.ENR.TERT.FM.ZS,1.18635e+00,http://linked.aub.edu.lb/CODEC/Lebanon/observation/social-development-Lebanon-SE.ENR.TERT.FM.ZS-2003,https://data.humdata.org/dataset/world-bank-social-development-indicators-for-lebanon,The World Bank,http://linked.aub.edu.lb/CODEC/Lebanon/Dataset/social-development-Lebanon,2003
http://dbpedia.org/resource/Lebanon,SE.ENR.TERT.FM.ZS,1.1268e+00,http://linked.aub.edu.lb/CODEC/Lebanon/observation/social-development-Lebanon-SE.ENR.TERT.FM.ZS-2004,https://data.humdata.org/dataset/world-bank-social-development-indicators-for-lebanon,The World Bank,http://linked.aub.edu.lb/CODEC/Lebanon/Dataset/social-development-Lebanon,2004
http://dbpedia.org/resource/Lebanon,SE.ENR.TERT.FM.ZS,1.14446e+00,http://linked.aub.edu.lb/CODEC/Lebanon/observation/social-development-Lebanon-SE.ENR.TERT.FM.ZS-2005,https://data.humdata.org/dataset/world-bank-social-development-indicators-for-lebanon,The World Bank,http://linked.aub.edu.lb/CODEC/Lebanon/Dataset/social-development-Lebanon,2005
http://dbpedia.org/resource/Lebanon,SE.ENR.TERT.FM.ZS,1.15775e+00,http://linked.aub.edu.lb/CODEC/Lebanon/observation/social-development-Lebanon-SE.ENR.TERT.FM.ZS-2006,https://data.humdata.org/dataset/world-bank-social-development-indicators-for-lebanon,The World Bank,http://linked.aub.edu.lb/CODEC/Lebanon/Dataset/social-development-Lebanon,2006
http://dbpedia.org/resource/Lebanon,SE.ENR.TERT.FM.ZS,1.1845e+00,http://linked.aub.edu.lb/CODEC/Lebanon/observation/social-development-Lebanon-SE.ENR.TERT.FM.ZS-2007,https://data.humdata.org/dataset/world-bank-social-development-indicators-for-lebanon,The World Bank,http://linked.aub.edu.lb/CODEC/Lebanon/Dataset/social-development-Lebanon,2007
http://dbpedia.org/resource/Lebanon,SE.ENR.TERT.FM.ZS,1.20614e+00,http://linked.aub.edu.lb/CODEC/Lebanon/observation/social-development-Lebanon-SE.ENR.TERT.FM.ZS-2008,https://data.humdata.org/dataset/world-bank-social-development-indicators-for-lebanon,The World Bank,http://linked.aub.edu.lb/CODEC/Lebanon/Dataset/social-development-Lebanon,2008
http://dbpedia.org/resource/Lebanon,SE.ENR.TERT.FM.ZS,1.17344e+00,http://linked.aub.edu.lb/CODEC/Lebanon/observation/social-development-Lebanon-SE.ENR.TERT.FM.ZS-2009,https://data.humdata.org/dataset/world-bank-social-development-indicators-for-lebanon,The World Bank,http://linked.aub.edu.lb/CODEC/Lebanon/Dataset/social-development-Lebanon,2009
http://dbpedia.org/resource/Lebanon,SE.ENR.TERT.FM.ZS,1.17327e+00,http://linked.aub.edu.lb/CODEC/Lebanon/observation/social-development-Lebanon-SE.ENR.TERT.FM.ZS-2010,https://data.humdata.org/dataset/world-bank-social-development-indicators-for-lebanon,The World Bank,http://linked.aub.edu.lb/CODEC/Lebanon/Dataset/social-development-Lebanon,2010
http://dbpedia.org/resource/Lebanon,SE.ENR.TERT.FM.ZS,1.14561e+00,http://linked.aub.edu.lb/CODEC/Lebanon/observation/social-development-Lebanon-SE.ENR.TERT.FM.ZS-2011,https://data.humdata.org/dataset/world-bank-social-development-indicators-for-lebanon,The World Bank,http://linked.aub.edu.lb/CODEC/Lebanon/Dataset/social-development-Lebanon,2011
http://dbpedia.org/resource/Lebanon,SE.ENR.TERT.FM.ZS,1.1933e+00,http://linked.aub.edu.lb/CODEC/Lebanon/observation/social-development-Lebanon-SE.ENR.TERT.FM.ZS-2012,https://data.humdata.org/dataset/world-bank-social-development-indicators-for-lebanon,The World Bank,http://linked.aub.edu.lb/CODEC/Lebanon/Dataset/social-development-Lebanon,2012
http://dbpedia.org/resource/Lebanon,SE.ENR.TERT.FM.ZS,1.19447e+00,http://linked.aub.edu.lb/CODEC/Lebanon/observation/social-development-Lebanon-SE.ENR.TERT.FM.ZS-2013,https://data.humdata.org/dataset/world-bank-social-development-indicators-for-lebanon,The World Bank,http://linked.aub.edu.lb/CODEC/Lebanon/Dataset/social-development-Lebanon,2013
http://dbpedia.org/resource/Lebanon,SE.ENR.TERT.FM.ZS,1.23737e+00,http://linked.aub.edu.lb/CODEC/Lebanon/observation/social-development-Lebanon-SE.ENR.TERT.FM.ZS-2014,https://data.humdata.org/dataset/world-bank-social-development-indicators-for-lebanon,The World Bank,http://linked.aub.edu.lb/CODEC/Lebanon/Dataset/social-development-Lebanon,2014
http://dbpedia.org/resource/Lebanon,SE.ENR.TERT.FM.ZS,1.08442e+00,http://linked.aub.edu.lb/CODEC/Lebanon/observation/social-development-Lebanon-SE.ENR.TERT.FM.ZS-2015,https://data.humdata.org/dataset/world-bank-social-development-indicators-for-lebanon,The World Bank,http://linked.aub.edu.lb/CODEC/Lebanon/Dataset/social-development-Lebanon,2015
http://dbpedia.org/resource/Lebanon,SE.ENR.TERT.FM.ZS,1.25204e+00,http://linked.aub.edu.lb/CODEC/Lebanon/observation/social-development-Lebanon-SE.ENR.TERT.FM.ZS-2016,https://data.humdata.org/dataset/world-bank-social-development-indicators-for-lebanon,The World Bank,http://linked.aub.edu.lb/CODEC/Lebanon/Dataset/social-development-Lebanon,2016
http://dbpedia.org/resource/Lebanon,SE.ENR.TERT.FM.ZS,1.24794e+00,http://linked.aub.edu.lb/CODEC/Lebanon/observation/social-development-Lebanon-SE.ENR.TERT.FM.ZS-2017,https://data.humdata.org/dataset/world-bank-social-development-indicators-for-lebanon,The World Bank,http://linked.aub.edu.lb/CODEC/Lebanon/Dataset/social-development-Lebanon,2017
http://dbpedia.org/resource/Lebanon,SE.ENR.TERT.FM.ZS,1.2545e+00,http://linked.aub.edu.lb/CODEC/Lebanon/observation/social-development-Lebanon-SE.ENR.TERT.FM.ZS-2018,https://data.humdata.org/dataset/world-bank-social-development-indicators-for-lebanon,The World Bank,http://linked.aub.edu.lb/CODEC/Lebanon/Dataset/social-development-Lebanon,2018
http://dbpedia.org/resource/Lebanon,SE.ENR.TERT.FM.ZS,1.2396e+00,http://linked.aub.edu.lb/CODEC/Lebanon/observation/social-development-Lebanon-SE.ENR.TERT.FM.ZS-2019,https://data.humdata.org/dataset/world-bank-social-development-indicators-for-lebanon,The World Bank,http://linked.aub.edu.lb/CODEC/Lebanon/Dataset/social-development-Lebanon,2019
http://dbpedia.org/resource/Lebanon,SG.GEN.PARL.ZS,2.34375e+00,http://linked.aub.edu.lb/CODEC/Lebanon/observation/social-development-Lebanon-SG.GEN.PARL.ZS-1997,https://data.humdata.org/dataset/world-bank-social-development-indicators-for-lebanon,The World Bank,http://linked.aub.edu.lb/CODEC/Lebanon/Dataset/social-development-Lebanon,1997
http://dbpedia.org/resource/Lebanon,SG.GEN.PARL.ZS,2.34375e+00,http://linked.aub.edu.lb/CODEC/Lebanon/observation/social-development-Lebanon-SG.GEN.PARL.ZS-1998,https://data.humdata.org/dataset/world-bank-social-development-indicators-for-lebanon,The World Bank,http://linked.aub.edu.lb/CODEC/Lebanon/Dataset/social-development-Lebanon,1998
http://dbpedia.org/resource/Lebanon,SG.GEN.PARL.ZS,2.34375e+00,http://linked.aub.edu.lb/CODEC/Lebanon/observation/social-development-Lebanon-SG.GEN.PARL.ZS-1999,https://data.humdata.org/dataset/world-bank-social-development-indicators-for-lebanon,The World Bank,http://linked.aub.edu.lb/CODEC/Lebanon/Dataset/social-development-Lebanon,1999
http://dbpedia.org/resource/Lebanon,SG.GEN.PARL.ZS,2.34375e+00,http://linked.aub.edu.lb/CODEC/Lebanon/observation/social-development-Lebanon-SG.GEN.PARL.ZS-2000,https://data.humdata.org/dataset/world-bank-social-development-indicators-for-lebanon,The World Bank,http://linked.aub.edu.lb/CODEC/Lebanon/Dataset/social-development-Lebanon,2000
http://dbpedia.org/resource/Lebanon,SG.GEN.PARL.ZS,2.34375e+00,http://linked.aub.edu.lb/CODEC/Lebanon/observation/social-development-Lebanon-SG.GEN.PARL.ZS-2001,https://data.humdata.org/dataset/world-bank-social-development-indicators-for-lebanon,The World Bank,http://linked.aub.edu.lb/CODEC/Lebanon/Dataset/social-development-Lebanon,2001
http://dbpedia.org/resource/Lebanon,SG.GEN.PARL.ZS,2.34375e+00,http://linked.aub.edu.lb/CODEC/Lebanon/observation/social-development-Lebanon-SG.GEN.PARL.ZS-2002,https://data.humdata.org/dataset/world-bank-social-development-indicators-for-lebanon,The World Bank,http://linked.aub.edu.lb/CODEC/Lebanon/Dataset/social-development-Lebanon,2002
http://dbpedia.org/resource/Lebanon,SG.GEN.PARL.ZS,2.34375e+00,http://linked.aub.edu.lb/CODEC/Lebanon/observation/social-development-Lebanon-SG.GEN.PARL.ZS-2003,https://data.humdata.org/dataset/world-bank-social-development-indicators-for-lebanon,The World Bank,http://linked.aub.edu.lb/CODEC/Lebanon/Dataset/social-development-Lebanon,2003
http://dbpedia.org/resource/Lebanon,SG.GEN.PARL.ZS,2.34375e+00,http://linked.aub.edu.lb/CODEC/Lebanon/observation/social-development-Lebanon-SG.GEN.PARL.ZS-2004,https://data.humdata.org/dataset/world-bank-social-development-indicators-for-lebanon,The World Bank,http://linked.aub.edu.lb/CODEC/Lebanon/Dataset/social-development-Lebanon,2004
http://dbpedia.org/resource/Lebanon,SG.GEN.PARL.ZS,4.6875e+00,http://linked.aub.edu.lb/CODEC/Lebanon/observation/social-development-Lebanon-SG.GEN.PARL.ZS-2005,https://data.humdata.org/dataset/world-bank-social-development-indicators-for-lebanon,The World Bank,http://linked.aub.edu.lb/CODEC/Lebanon/Dataset/social-development-Lebanon,2005
http://dbpedia.org/resource/Lebanon,SG.GEN.PARL.ZS,4.6875e+00,http://linked.aub.edu.lb/CODEC/Lebanon/observation/social-development-Lebanon-SG.GEN.PARL.ZS-2006,https://data.humdata.org/dataset/world-bank-social-development-indicators-for-lebanon,The World Bank,http://linked.aub.edu.lb/CODEC/Lebanon/Dataset/social-development-Lebanon,2006
http://dbpedia.org/resource/Lebanon,SG.GEN.PARL.ZS,4.6875e+00,http://linked.aub.edu.lb/CODEC/Lebanon/observation/social-development-Lebanon-SG.GEN.PARL.ZS-2007,https://data.humdata.org/dataset/world-bank-social-development-indicators-for-lebanon,The World Bank,http://linked.aub.edu.lb/CODEC/Lebanon/Dataset/social-development-Lebanon,2007
http://dbpedia.org/resource/Lebanon,SG.GEN.PARL.ZS,4.6875e+00,http://linked.aub.edu.lb/CODEC/Lebanon/observation/social-development-Lebanon-SG.GEN.PARL.ZS-2008,https://data.humdata.org/dataset/world-bank-social-development-indicators-for-lebanon,The World Bank,http://linked.aub.edu.lb/CODEC/Lebanon/Dataset/social-development-Lebanon,2008
http://dbpedia.org/resource/Lebanon,SG.GEN.PARL.ZS,3.125e+00,http://linked.aub.edu.lb/CODEC/Lebanon/observation/social-development-Lebanon-SG.GEN.PARL.ZS-2009,https://data.humdata.org/dataset/world-bank-social-development-indicators-for-lebanon,The World Bank,http://linked.aub.edu.lb/CODEC/Lebanon/Dataset/social-development-Lebanon,2009
http://dbpedia.org/resource/Lebanon,SG.GEN.PARL.ZS,3.125e+00,http://linked.aub.edu.lb/CODEC/Lebanon/observation/social-development-Lebanon-SG.GEN.PARL.ZS-2010,https://data.humdata.org/dataset/world-bank-social-development-indicators-for-lebanon,The World Bank,http://linked.aub.edu.lb/CODEC/Lebanon/Dataset/social-development-Lebanon,2010
http://dbpedia.org/resource/Lebanon,SG.GEN.PARL.ZS,3.125e+00,http://linked.aub.edu.lb/CODEC/Lebanon/observation/social-development-Lebanon-SG.GEN.PARL.ZS-2011,https://data.humdata.org/dataset/world-bank-social-development-indicators-for-lebanon,The World Bank,http://linked.aub.edu.lb/CODEC/Lebanon/Dataset/social-development-Lebanon,2011
http://dbpedia.org/resource/Lebanon,SG.GEN.PARL.ZS,3.125e+00,http://linked.aub.edu.lb/CODEC/Lebanon/observation/social-development-Lebanon-SG.GEN.PARL.ZS-2012,https://data.humdata.org/dataset/world-bank-social-development-indicators-for-lebanon,The World Bank,http://linked.aub.edu.lb/CODEC/Lebanon/Dataset/social-development-Lebanon,2012
http://dbpedia.org/resource/Lebanon,SG.GEN.PARL.ZS,3.125e+00,http://linked.aub.edu.lb/CODEC/Lebanon/observation/social-development-Lebanon-SG.GEN.PARL.ZS-2013,https://data.humdata.org/dataset/world-bank-social-development-indicators-for-lebanon,The World Bank,http://linked.aub.edu.lb/CODEC/Lebanon/Dataset/social-development-Lebanon,2013
http://dbpedia.org/resource/Lebanon,SG.GEN.PARL.ZS,3.125e+00,http://linked.aub.edu.lb/CODEC/Lebanon/observation/social-development-Lebanon-SG.GEN.PARL.ZS-2014,https://data.humdata.org/dataset/world-bank-social-development-indicators-for-lebanon,The World Bank,http://linked.aub.edu.lb/CODEC/Lebanon/Dataset/social-development-Lebanon,2014
http://dbpedia.org/resource/Lebanon,SG.GEN.PARL.ZS,3.125e+00,http://linked.aub.edu.lb/CODEC/Lebanon/observation/social-development-Lebanon-SG.GEN.PARL.ZS-2015,https://data.humdata.org/dataset/world-bank-social-development-indicators-for-lebanon,The World Bank,http://linked.aub.edu.lb/CODEC/Lebanon/Dataset/social-development-Lebanon,2015
http://dbpedia.org/resource/Lebanon,SG.GEN.PARL.ZS,3.125e+00,http://linked.aub.edu.lb/CODEC/Lebanon/observation/social-development-Lebanon-SG.GEN.PARL.ZS-2016,https://data.humdata.org/dataset/world-bank-social-development-indicators-for-lebanon,The World Bank,http://linked.aub.edu.lb/CODEC/Lebanon/Dataset/social-development-Lebanon,2016
http://dbpedia.org/resource/Lebanon,SG.GEN.PARL.ZS,3.125e+00,http://linked.aub.edu.lb/CODEC/Lebanon/observation/social-development-Lebanon-SG.GEN.PARL.ZS-2017,https://data.humdata.org/dataset/world-bank-social-development-indicators-for-lebanon,The World Bank,http://linked.aub.edu.lb/CODEC/Lebanon/Dataset/social-development-Lebanon,2017
http://dbpedia.org/resource/Lebanon,SG.GEN.PARL.ZS,4.6875e+00,http://linked.aub.edu.lb/CODEC/Lebanon/observation/social-development-Lebanon-SG.GEN.PARL.ZS-2018,https://data.humdata.org/dataset/world-bank-social-development-indicators-for-lebanon,The World Bank,http://linked.aub.edu.lb/CODEC/Lebanon/Dataset/social-development-Lebanon,2018
http://dbpedia.org/resource/Lebanon,SG.GEN.PARL.ZS,4.6875e+00,http://linked.aub.edu.lb/CODEC/Lebanon/observation/social-development-Lebanon-SG.GEN.PARL.ZS-2019,https://data.humdata.org/dataset/world-bank-social-development-indicators-for-lebanon,The World Bank,http://linked.aub.edu.lb/CODEC/Lebanon/Dataset/social-development-Lebanon,2019
http://dbpedia.org/resource/Lebanon,SG.GEN.PARL.ZS,4.6875e+00,http://linked.aub.edu.lb/CODEC/Lebanon/observation/social-development-Lebanon-SG.GEN.PARL.ZS-2020,https://data.humdata.org/dataset/world-bank-social-development-indicators-for-lebanon,The World Bank,http://linked.aub.edu.lb/CODEC/Lebanon/Dataset/social-development-Lebanon,2020
http://dbpedia.org/resource/Lebanon,SG.GEN.PARL.ZS,4.6875e+00,http://linked.aub.edu.lb/CODEC/Lebanon/observation/social-development-Lebanon-SG.GEN.PARL.ZS-2021,https://data.humdata.org/dataset/world-bank-social-development-indicators-for-lebanon,The World Bank,http://linked.aub.edu.lb/CODEC/Lebanon/Dataset/social-development-Lebanon,2021
http://dbpedia.org/resource/Lebanon,SG.GEN.PARL.ZS,6.25e+00,http://linked.aub.edu.lb/CODEC/Lebanon/observation/social-development-Lebanon-SG.GEN.PARL.ZS-2022,https://data.humdata.org/dataset/world-bank-social-development-indicators-for-lebanon,The World Bank,http://linked.aub.edu.lb/CODEC/Lebanon/Dataset/social-development-Lebanon,2022
http://dbpedia.org/resource/Lebanon,SH.HIV.1524.FE.ZS,1e-01,http://linked.aub.edu.lb/CODEC/Lebanon/observation/social-development-Lebanon-SH.HIV.1524.FE.ZS-1990,https://data.humdata.org/dataset/world-bank-social-development-indicators-for-lebanon,The World Bank,http://linked.aub.edu.lb/CODEC/Lebanon/Dataset/social-development-Lebanon,1990
http://dbpedia.org/resource/Lebanon,SH.HIV.1524.FE.ZS,1e-01,http://linked.aub.edu.lb/CODEC/Lebanon/observation/social-development-Lebanon-SH.HIV.1524.FE.ZS-1991,https://data.humdata.org/dataset/world-bank-social-development-indicators-for-lebanon,The World Bank,http://linked.aub.edu.lb/CODEC/Lebanon/Dataset/social-development-Lebanon,1991
http://dbpedia.org/resource/Lebanon,SH.HIV.1524.FE.ZS,1e-01,http://linked.aub.edu.lb/CODEC/Lebanon/observation/social-development-Lebanon-SH.HIV.1524.FE.ZS-1992,https://data.humdata.org/dataset/world-bank-social-development-indicators-for-lebanon,The World Bank,http://linked.aub.edu.lb/CODEC/Lebanon/Dataset/social-development-Lebanon,1992
http://dbpedia.org/resource/Lebanon,SH.HIV.1524.FE.ZS,1e-01,http://linked.aub.edu.lb/CODEC/Lebanon/observation/social-development-Lebanon-SH.HIV.1524.FE.ZS-1993,https://data.humdata.org/dataset/world-bank-social-development-indicators-for-lebanon,The World Bank,http://linked.aub.edu.lb/CODEC/Lebanon/Dataset/social-development-Lebanon,1993
http://dbpedia.org/resource/Lebanon,SH.HIV.1524.FE.ZS,1e-01,http://linked.aub.edu.lb/CODEC/Lebanon/observation/social-development-Lebanon-SH.HIV.1524.FE.ZS-1994,https://data.humdata.org/dataset/world-bank-social-development-indicators-for-lebanon,The World Bank,http://linked.aub.edu.lb/CODEC/Lebanon/Dataset/social-development-Lebanon,1994
http://dbpedia.org/resource/Lebanon,SH.HIV.1524.FE.ZS,1e-01,http://linked.aub.edu.lb/CODEC/Lebanon/observation/social-development-Lebanon-SH.HIV.1524.FE.ZS-1995,https://data.humdata.org/dataset/world-bank-social-development-indicators-for-lebanon,The World Bank,http://linked.aub.edu.lb/CODEC/Lebanon/Dataset/social-development-Lebanon,1995
http://dbpedia.org/resource/Lebanon,SH.HIV.1524.FE.ZS,1e-01,http://linked.aub.edu.lb/CODEC/Lebanon/observation/social-development-Lebanon-SH.HIV.1524.FE.ZS-1996,https://data.humdata.org/dataset/world-bank-social-development-indicators-for-lebanon,The World Bank,http://linked.aub.edu.lb/CODEC/Lebanon/Dataset/social-development-Lebanon,1996
http://dbpedia.org/resource/Lebanon,SH.HIV.1524.FE.ZS,1e-01,http://linked.aub.edu.lb/CODEC/Lebanon/observation/social-development-Lebanon-SH.HIV.1524.FE.ZS-1997,https://data.humdata.org/dataset/world-bank-social-development-indicators-for-lebanon,The World Bank,http://linked.aub.edu.lb/CODEC/Lebanon/Dataset/social-development-Lebanon,1997
http://dbpedia.org/resource/Lebanon,SH.HIV.1524.FE.ZS,1e-01,http://linked.aub.edu.lb/CODEC/Lebanon/observation/social-development-Lebanon-SH.HIV.1524.FE.ZS-1998,https://data.humdata.org/dataset/world-bank-social-development-indicators-for-lebanon,The World Bank,http://linked.aub.edu.lb/CODEC/Lebanon/Dataset/social-development-Lebanon,1998
http://dbpedia.org/resource/Lebanon,SH.HIV.1524.FE.ZS,1e-01,http://linked.aub.edu.lb/CODEC/Lebanon/observation/social-development-Lebanon-SH.HIV.1524.FE.ZS-1999,https://data.humdata.org/dataset/world-bank-social-development-indicators-for-lebanon,The World Bank,http://linked.aub.edu.lb/CODEC/Lebanon/Dataset/social-development-Lebanon,1999
http://dbpedia.org/resource/Lebanon,SH.HIV.1524.FE.ZS,1e-01,http://linked.aub.edu.lb/CODEC/Lebanon/observation/social-development-Lebanon-SH.HIV.1524.FE.ZS-2000,https://data.humdata.org/dataset/world-bank-social-development-indicators-for-lebanon,The World Bank,http://linked.aub.edu.lb/CODEC/Lebanon/Dataset/social-development-Lebanon,2000
http://dbpedia.org/resource/Lebanon,SH.HIV.1524.FE.ZS,1e-01,http://linked.aub.edu.lb/CODEC/Lebanon/observation/social-development-Lebanon-SH.HIV.1524.FE.ZS-2001,https://data.humdata.org/dataset/world-bank-social-development-indicators-for-lebanon,The World Bank,http://linked.aub.edu.lb/CODEC/Lebanon/Dataset/social-development-Lebanon,2001
http://dbpedia.org/resource/Lebanon,SH.HIV.1524.FE.ZS,1e-01,http://linked.aub.edu.lb/CODEC/Lebanon/observation/social-development-Lebanon-SH.HIV.1524.FE.ZS-2002,https://data.humdata.org/dataset/world-bank-social-development-indicators-for-lebanon,The World Bank,http://linked.aub.edu.lb/CODEC/Lebanon/Dataset/social-development-Lebanon,2002
http://dbpedia.org/resource/Lebanon,SH.HIV.1524.FE.ZS,1e-01,http://linked.aub.edu.lb/CODEC/Lebanon/observation/social-development-Lebanon-SH.HIV.1524.FE.ZS-2003,https://data.humdata.org/dataset/world-bank-social-development-indicators-for-lebanon,The World Bank,http://linked.aub.edu.lb/CODEC/Lebanon/Dataset/social-development-Lebanon,2003
http://dbpedia.org/resource/Lebanon,SH.HIV.1524.FE.ZS,1e-01,http://linked.aub.edu.lb/CODEC/Lebanon/observation/social-development-Lebanon-SH.HIV.1524.FE.ZS-2004,https://data.humdata.org/dataset/world-bank-social-development-indicators-for-lebanon,The World Bank,http://linked.aub.edu.lb/CODEC/Lebanon/Dataset/social-development-Lebanon,2004
http://dbpedia.org/resource/Lebanon,SH.HIV.1524.FE.ZS,1e-01,http://linked.aub.edu.lb/CODEC/Lebanon/observation/social-development-Lebanon-SH.HIV.1524.FE.ZS-2005,https://data.humdata.org/dataset/world-bank-social-development-indicators-for-lebanon,The World Bank,http://linked.aub.edu.lb/CODEC/Lebanon/Dataset/social-development-Lebanon,2005
http://dbpedia.org/resource/Lebanon,SH.HIV.1524.FE.ZS,1e-01,http://linked.aub.edu.lb/CODEC/Lebanon/observation/social-development-Lebanon-SH.HIV.1524.FE.ZS-2006,https://data.humdata.org/dataset/world-bank-social-development-indicators-for-lebanon,The World Bank,http://linked.aub.edu.lb/CODEC/Lebanon/Dataset/social-development-Lebanon,2006
http://dbpedia.org/resource/Lebanon,SH.HIV.1524.FE.ZS,1e-01,http://linked.aub.edu.lb/CODEC/Lebanon/observation/social-development-Lebanon-SH.HIV.1524.FE.ZS-2007,https://data.humdata.org/dataset/world-bank-social-development-indicators-for-lebanon,The World Bank,http://linked.aub.edu.lb/CODEC/Lebanon/Dataset/social-development-Lebanon,2007
http://dbpedia.org/resource/Lebanon,SH.HIV.1524.FE.ZS,1e-01,http://linked.aub.edu.lb/CODEC/Lebanon/observation/social-development-Lebanon-SH.HIV.1524.FE.ZS-2008,https://data.humdata.org/dataset/world-bank-social-development-indicators-for-lebanon,The World Bank,http://linked.aub.edu.lb/CODEC/Lebanon/Dataset/social-development-Lebanon,2008
http://dbpedia.org/resource/Lebanon,SH.HIV.1524.FE.ZS,1e-01,http://linked.aub.edu.lb/CODEC/Lebanon/observation/social-development-Lebanon-SH.HIV.1524.FE.ZS-2009,https://data.humdata.org/dataset/world-bank-social-development-indicators-for-lebanon,The World Bank,http://linked.aub.edu.lb/CODEC/Lebanon/Dataset/social-development-Lebanon,2009
http://dbpedia.org/resource/Lebanon,SH.HIV.1524.FE.ZS,1e-01,http://linked.aub.edu.lb/CODEC/Lebanon/observation/social-development-Lebanon-SH.HIV.1524.FE.ZS-2010,https://data.humdata.org/dataset/world-bank-social-development-indicators-for-lebanon,The World Bank,http://linked.aub.edu.lb/CODEC/Lebanon/Dataset/social-development-Lebanon,2010
http://dbpedia.org/resource/Lebanon,SH.HIV.1524.FE.ZS,1e-01,http://linked.aub.edu.lb/CODEC/Lebanon/observation/social-development-Lebanon-SH.HIV.1524.FE.ZS-2011,https://data.humdata.org/dataset/world-bank-social-development-indicators-for-lebanon,The World Bank,http://linked.aub.edu.lb/CODEC/Lebanon/Dataset/social-development-Lebanon,2011
http://dbpedia.org/resource/Lebanon,SH.HIV.1524.FE.ZS,1e-01,http://linked.aub.edu.lb/CODEC/Lebanon/observation/social-development-Lebanon-SH.HIV.1524.FE.ZS-2012,https://data.humdata.org/dataset/world-bank-social-development-indicators-for-lebanon,The World Bank,http://linked.aub.edu.lb/CODEC/Lebanon/Dataset/social-development-Lebanon,2012
http://dbpedia.org/resource/Lebanon,SH.HIV.1524.FE.ZS,1e-01,http://linked.aub.edu.lb/CODEC/Lebanon/observation/social-development-Lebanon-SH.HIV.1524.FE.ZS-2013,https://data.humdata.org/dataset/world-bank-social-development-indicators-for-lebanon,The World Bank,http://linked.aub.edu.lb/CODEC/Lebanon/Dataset/social-development-Lebanon,2013
http://dbpedia.org/resource/Lebanon,SH.HIV.1524.FE.ZS,1e-01,http://linked.aub.edu.lb/CODEC/Lebanon/observation/social-development-Lebanon-SH.HIV.1524.FE.ZS-2014,https://data.humdata.org/dataset/world-bank-social-development-indicators-for-lebanon,The World Bank,http://linked.aub.edu.lb/CODEC/Lebanon/Dataset/social-development-Lebanon,2014
http://dbpedia.org/resource/Lebanon,SH.HIV.1524.FE.ZS,1e-01,http://linked.aub.edu.lb/CODEC/Lebanon/observation/social-development-Lebanon-SH.HIV.1524.FE.ZS-2015,https://data.humdata.org/dataset/world-bank-social-development-indicators-for-lebanon,The World Bank,http://linked.aub.edu.lb/CODEC/Lebanon/Dataset/social-development-Lebanon,2015
http://dbpedia.org/resource/Lebanon,SH.HIV.1524.FE.ZS,1e-01,http://linked.aub.edu.lb/CODEC/Lebanon/observation/social-development-Lebanon-SH.HIV.1524.FE.ZS-2016,https://data.humdata.org/dataset/world-bank-social-development-indicators-for-lebanon,The World Bank,http://linked.aub.edu.lb/CODEC/Lebanon/Dataset/social-development-Lebanon,2016
http://dbpedia.org/resource/Lebanon,SH.HIV.1524.FE.ZS,1e-01,http://linked.aub.edu.lb/CODEC/Lebanon/observation/social-development-Lebanon-SH.HIV.1524.FE.ZS-2017,https://data.humdata.org/dataset/world-bank-social-development-indicators-for-lebanon,The World Bank,http://linked.aub.edu.lb/CODEC/Lebanon/Dataset/social-development-Lebanon,2017
http://dbpedia.org/resource/Lebanon,SH.HIV.1524.FE.ZS,1e-01,http://linked.aub.edu.lb/CODEC/Lebanon/observation/social-development-Lebanon-SH.HIV.1524.FE.ZS-2018,https://data.humdata.org/dataset/world-bank-social-development-indicators-for-lebanon,The World Bank,http://linked.aub.edu.lb/CODEC/Lebanon/Dataset/social-development-Lebanon,2018
http://dbpedia.org/resource/Lebanon,SH.HIV.1524.FE.ZS,1e-01,http://linked.aub.edu.lb/CODEC/Lebanon/observation/social-development-Lebanon-SH.HIV.1524.FE.ZS-2019,https://data.humdata.org/dataset/world-bank-social-development-indicators-for-lebanon,The World Bank,http://linked.aub.edu.lb/CODEC/Lebanon/Dataset/social-development-Lebanon,2019
http://dbpedia.org/resource/Lebanon,SH.HIV.1524.FE.ZS,1e-01,http://linked.aub.edu.lb/CODEC/Lebanon/observation/social-development-Lebanon-SH.HIV.1524.FE.ZS-2020,https://data.humdata.org/dataset/world-bank-social-development-indicators-for-lebanon,The World Bank,http://linked.aub.edu.lb/CODEC/Lebanon/Dataset/social-development-Lebanon,2020
http://dbpedia.org/resource/Lebanon,SH.HIV.1524.FE.ZS,1e-01,http://linked.aub.edu.lb/CODEC/Lebanon/observation/social-development-Lebanon-SH.HIV.1524.FE.ZS-2021,https://data.humdata.org/dataset/world-bank-social-development-indicators-for-lebanon,The World Bank,http://linked.aub.edu.lb/CODEC/Lebanon/Dataset/social-development-Lebanon,2021
http://dbpedia.org/resource/Lebanon,SH.HIV.1524.MA.ZS,1e-01,http://linked.aub.edu.lb/CODEC/Lebanon/observation/social-development-Lebanon-SH.HIV.1524.MA.ZS-1990,https://data.humdata.org/dataset/world-bank-social-development-indicators-for-lebanon,The World Bank,http://linked.aub.edu.lb/CODEC/Lebanon/Dataset/social-development-Lebanon,1990
http://dbpedia.org/resource/Lebanon,SH.HIV.1524.MA.ZS,1e-01,http://linked.aub.edu.lb/CODEC/Lebanon/observation/social-development-Lebanon-SH.HIV.1524.MA.ZS-1991,https://data.humdata.org/dataset/world-bank-social-development-indicators-for-lebanon,The World Bank,http://linked.aub.edu.lb/CODEC/Lebanon/Dataset/social-development-Lebanon,1991
http://dbpedia.org/resource/Lebanon,SH.HIV.1524.MA.ZS,1e-01,http://linked.aub.edu.lb/CODEC/Lebanon/observation/social-development-Lebanon-SH.HIV.1524.MA.ZS-1992,https://data.humdata.org/dataset/world-bank-social-development-indicators-for-lebanon,The World Bank,http://linked.aub.edu.lb/CODEC/Lebanon/Dataset/social-development-Lebanon,1992
http://dbpedia.org/resource/Lebanon,SH.HIV.1524.MA.ZS,1e-01,http://linked.aub.edu.lb/CODEC/Lebanon/observation/social-development-Lebanon-SH.HIV.1524.MA.ZS-1993,https://data.humdata.org/dataset/world-bank-social-development-indicators-for-lebanon,The World Bank,http://linked.aub.edu.lb/CODEC/Lebanon/Dataset/social-development-Lebanon,1993
http://dbpedia.org/resource/Lebanon,SH.HIV.1524.MA.ZS,1e-01,http://linked.aub.edu.lb/CODEC/Lebanon/observation/social-development-Lebanon-SH.HIV.1524.MA.ZS-1994,https://data.humdata.org/dataset/world-bank-social-development-indicators-for-lebanon,The World Bank,http://linked.aub.edu.lb/CODEC/Lebanon/Dataset/social-development-Lebanon,1994
http://dbpedia.org/resource/Lebanon,SH.HIV.1524.MA.ZS,1e-01,http://linked.aub.edu.lb/CODEC/Lebanon/observation/social-development-Lebanon-SH.HIV.1524.MA.ZS-1995,https://data.humdata.org/dataset/world-bank-social-development-indicators-for-lebanon,The World Bank,http://linked.aub.edu.lb/CODEC/Lebanon/Dataset/social-development-Lebanon,1995
http://dbpedia.org/resource/Lebanon,SH.HIV.1524.MA.ZS,1e-01,http://linked.aub.edu.lb/CODEC/Lebanon/observation/social-development-Lebanon-SH.HIV.1524.MA.ZS-1996,https://data.humdata.org/dataset/world-bank-social-development-indicators-for-lebanon,The World Bank,http://linked.aub.edu.lb/CODEC/Lebanon/Dataset/social-development-Lebanon,1996
http://dbpedia.org/resource/Lebanon,SH.HIV.1524.MA.ZS,1e-01,http://linked.aub.edu.lb/CODEC/Lebanon/observation/social-development-Lebanon-SH.HIV.1524.MA.ZS-1997,https://data.humdata.org/dataset/world-bank-social-development-indicators-for-lebanon,The World Bank,http://linked.aub.edu.lb/CODEC/Lebanon/Dataset/social-development-Lebanon,1997
http://dbpedia.org/resource/Lebanon,SH.HIV.1524.MA.ZS,1e-01,http://linked.aub.edu.lb/CODEC/Lebanon/observation/social-development-Lebanon-SH.HIV.1524.MA.ZS-1998,https://data.humdata.org/dataset/world-bank-social-development-indicators-for-lebanon,The World Bank,http://linked.aub.edu.lb/CODEC/Lebanon/Dataset/social-development-Lebanon,1998
http://dbpedia.org/resource/Lebanon,SH.HIV.1524.MA.ZS,1e-01,http://linked.aub.edu.lb/CODEC/Lebanon/observation/social-development-Lebanon-SH.HIV.1524.MA.ZS-1999,https://data.humdata.org/dataset/world-bank-social-development-indicators-for-lebanon,The World Bank,http://linked.aub.edu.lb/CODEC/Lebanon/Dataset/social-development-Lebanon,1999
http://dbpedia.org/resource/Lebanon,SH.HIV.1524.MA.ZS,1e-01,http://linked.aub.edu.lb/CODEC/Lebanon/observation/social-development-Lebanon-SH.HIV.1524.MA.ZS-2000,https://data.humdata.org/dataset/world-bank-social-development-indicators-for-lebanon,The World Bank,http://linked.aub.edu.lb/CODEC/Lebanon/Dataset/social-development-Lebanon,2000
http://dbpedia.org/resource/Lebanon,SH.HIV.1524.MA.ZS,1e-01,http://linked.aub.edu.lb/CODEC/Lebanon/observation/social-development-Lebanon-SH.HIV.1524.MA.ZS-2001,https://data.humdata.org/dataset/world-bank-social-development-indicators-for-lebanon,The World Bank,http://linked.aub.edu.lb/CODEC/Lebanon/Dataset/social-development-Lebanon,2001
http://dbpedia.org/resource/Lebanon,SH.HIV.1524.MA.ZS,1e-01,http://linked.aub.edu.lb/CODEC/Lebanon/observation/social-development-Lebanon-SH.HIV.1524.MA.ZS-2002,https://data.humdata.org/dataset/world-bank-social-development-indicators-for-lebanon,The World Bank,http://linked.aub.edu.lb/CODEC/Lebanon/Dataset/social-development-Lebanon,2002
http://dbpedia.org/resource/Lebanon,SH.HIV.1524.MA.ZS,1e-01,http://linked.aub.edu.lb/CODEC/Lebanon/observation/social-development-Lebanon-SH.HIV.1524.MA.ZS-2003,https://data.humdata.org/dataset/world-bank-social-development-indicators-for-lebanon,The World Bank,http://linked.aub.edu.lb/CODEC/Lebanon/Dataset/social-development-Lebanon,2003
http://dbpedia.org/resource/Lebanon,SH.HIV.1524.MA.ZS,1e-01,http://linked.aub.edu.lb/CODEC/Lebanon/observation/social-development-Lebanon-SH.HIV.1524.MA.ZS-2004,https://data.humdata.org/dataset/world-bank-social-development-indicators-for-lebanon,The World Bank,http://linked.aub.edu.lb/CODEC/Lebanon/Dataset/social-development-Lebanon,2004
http://dbpedia.org/resource/Lebanon,SH.HIV.1524.MA.ZS,1e-01,http://linked.aub.edu.lb/CODEC/Lebanon/observation/social-development-Lebanon-SH.HIV.1524.MA.ZS-2005,https://data.humdata.org/dataset/world-bank-social-development-indicators-for-lebanon,The World Bank,http://linked.aub.edu.lb/CODEC/Lebanon/Dataset/social-development-Lebanon,2005
http://dbpedia.org/resource/Lebanon,SH.HIV.1524.MA.ZS,1e-01,http://linked.aub.edu.lb/CODEC/Lebanon/observation/social-development-Lebanon-SH.HIV.1524.MA.ZS-2006,https://data.humdata.org/dataset/world-bank-social-development-indicators-for-lebanon,The World Bank,http://linked.aub.edu.lb/CODEC/Lebanon/Dataset/social-development-Lebanon,2006
http://dbpedia.org/resource/Lebanon,SH.HIV.1524.MA.ZS,1e-01,http://linked.aub.edu.lb/CODEC/Lebanon/observation/social-development-Lebanon-SH.HIV.1524.MA.ZS-2007,https://data.humdata.org/dataset/world-bank-social-development-indicators-for-lebanon,The World Bank,http://linked.aub.edu.lb/CODEC/Lebanon/Dataset/social-development-Lebanon,2007
http://dbpedia.org/resource/Lebanon,SH.HIV.1524.MA.ZS,1e-01,http://linked.aub.edu.lb/CODEC/Lebanon/observation/social-development-Lebanon-SH.HIV.1524.MA.ZS-2008,https://data.humdata.org/dataset/world-bank-social-development-indicators-for-lebanon,The World Bank,http://linked.aub.edu.lb/CODEC/Lebanon/Dataset/social-development-Lebanon,2008
http://dbpedia.org/resource/Lebanon,SH.HIV.1524.MA.ZS,1e-01,http://linked.aub.edu.lb/CODEC/Lebanon/observation/social-development-Lebanon-SH.HIV.1524.MA.ZS-2009,https://data.humdata.org/dataset/world-bank-social-development-indicators-for-lebanon,The World Bank,http://linked.aub.edu.lb/CODEC/Lebanon/Dataset/social-development-Lebanon,2009
http://dbpedia.org/resource/Lebanon,SH.HIV.1524.MA.ZS,1e-01,http://linked.aub.edu.lb/CODEC/Lebanon/observation/social-development-Lebanon-SH.HIV.1524.MA.ZS-2010,https://data.humdata.org/dataset/world-bank-social-development-indicators-for-lebanon,The World Bank,http://linked.aub.edu.lb/CODEC/Lebanon/Dataset/social-development-Lebanon,2010
http://dbpedia.org/resource/Lebanon,SH.HIV.1524.MA.ZS,1e-01,http://linked.aub.edu.lb/CODEC/Lebanon/observation/social-development-Lebanon-SH.HIV.1524.MA.ZS-2011,https://data.humdata.org/dataset/world-bank-social-development-indicators-for-lebanon,The World Bank,http://linked.aub.edu.lb/CODEC/Lebanon/Dataset/social-development-Lebanon,2011
http://dbpedia.org/resource/Lebanon,SH.HIV.1524.MA.ZS,1e-01,http://linked.aub.edu.lb/CODEC/Lebanon/observation/social-development-Lebanon-SH.HIV.1524.MA.ZS-2012,https://data.humdata.org/dataset/world-bank-social-development-indicators-for-lebanon,The World Bank,http://linked.aub.edu.lb/CODEC/Lebanon/Dataset/social-development-Lebanon,2012
http://dbpedia.org/resource/Lebanon,SH.HIV.1524.MA.ZS,1e-01,http://linked.aub.edu.lb/CODEC/Lebanon/observation/social-development-Lebanon-SH.HIV.1524.MA.ZS-2013,https://data.humdata.org/dataset/world-bank-social-development-indicators-for-lebanon,The World Bank,http://linked.aub.edu.lb/CODEC/Lebanon/Dataset/social-development-Lebanon,2013
http://dbpedia.org/resource/Lebanon,SH.HIV.1524.MA.ZS,1e-01,http://linked.aub.edu.lb/CODEC/Lebanon/observation/social-development-Lebanon-SH.HIV.1524.MA.ZS-2014,https://data.humdata.org/dataset/world-bank-social-development-indicators-for-lebanon,The World Bank,http://linked.aub.edu.lb/CODEC/Lebanon/Dataset/social-development-Lebanon,2014
http://dbpedia.org/resource/Lebanon,SH.HIV.1524.MA.ZS,1e-01,http://linked.aub.edu.lb/CODEC/Lebanon/observation/social-development-Lebanon-SH.HIV.1524.MA.ZS-2015,https://data.humdata.org/dataset/world-bank-social-development-indicators-for-lebanon,The World Bank,http://linked.aub.edu.lb/CODEC/Lebanon/Dataset/social-development-Lebanon,2015
http://dbpedia.org/resource/Lebanon,SH.HIV.1524.MA.ZS,1e-01,http://linked.aub.edu.lb/CODEC/Lebanon/observation/social-development-Lebanon-SH.HIV.1524.MA.ZS-2016,https://data.humdata.org/dataset/world-bank-social-development-indicators-for-lebanon,The World Bank,http://linked.aub.edu.lb/CODEC/Lebanon/Dataset/social-development-Lebanon,2016
http://dbpedia.org/resource/Lebanon,SH.HIV.1524.MA.ZS,1e-01,http://linked.aub.edu.lb/CODEC/Lebanon/observation/social-development-Lebanon-SH.HIV.1524.MA.ZS-2017,https://data.humdata.org/dataset/world-bank-social-development-indicators-for-lebanon,The World Bank,http://linked.aub.edu.lb/CODEC/Lebanon/Dataset/social-development-Lebanon,2017
http://dbpedia.org/resource/Lebanon,SH.HIV.1524.MA.ZS,1e-01,http://linked.aub.edu.lb/CODEC/Lebanon/observation/social-development-Lebanon-SH.HIV.1524.MA.ZS-2018,https://data.humdata.org/dataset/world-bank-social-development-indicators-for-lebanon,The World Bank,http://linked.aub.edu.lb/CODEC/Lebanon/Dataset/social-development-Lebanon,2018
http://dbpedia.org/resource/Lebanon,SH.HIV.1524.MA.ZS,1e-01,http://linked.aub.edu.lb/CODEC/Lebanon/observation/social-development-Lebanon-SH.HIV.1524.MA.ZS-2019,https://data.humdata.org/dataset/world-bank-social-development-indicators-for-lebanon,The World Bank,http://linked.aub.edu.lb/CODEC/Lebanon/Dataset/social-development-Lebanon,2019
http://dbpedia.org/resource/Lebanon,SH.HIV.1524.MA.ZS,1e-01,http://linked.aub.edu.lb/CODEC/Lebanon/observation/social-development-Lebanon-SH.HIV.1524.MA.ZS-2020,https://data.humdata.org/dataset/world-bank-social-development-indicators-for-lebanon,The World Bank,http://linked.aub.edu.lb/CODEC/Lebanon/Dataset/social-development-Lebanon,2020
http://dbpedia.org/resource/Lebanon,SH.HIV.1524.MA.ZS,1e-01,http://linked.aub.edu.lb/CODEC/Lebanon/observation/social-development-Lebanon-SH.HIV.1524.MA.ZS-2021,https://data.humdata.org/dataset/world-bank-social-development-indicators-for-lebanon,The World Bank,http://linked.aub.edu.lb/CODEC/Lebanon/Dataset/social-development-Lebanon,2021
http://dbpedia.org/resource/Lebanon,SL.EMP.VULN.FE.ZS,1.492973e+01,http://linked.aub.edu.lb/CODEC/Lebanon/observation/social-development-Lebanon-SL.EMP.VULN.FE.ZS-1991,https://data.humdata.org/dataset/world-bank-social-development-indicators-for-lebanon,The World Bank,http://linked.aub.edu.lb/CODEC/Lebanon/Dataset/social-development-Lebanon,1991
http://dbpedia.org/resource/Lebanon,SL.EMP.VULN.FE.ZS,1.480111e+01,http://linked.aub.edu.lb/CODEC/Lebanon/observation/social-development-Lebanon-SL.EMP.VULN.FE.ZS-1992,https://data.humdata.org/dataset/world-bank-social-development-indicators-for-lebanon,The World Bank,http://linked.aub.edu.lb/CODEC/Lebanon/Dataset/social-development-Lebanon,1992
http://dbpedia.org/resource/Lebanon,SL.EMP.VULN.FE.ZS,1.467117e+01,http://linked.aub.edu.lb/CODEC/Lebanon/observation/social-development-Lebanon-SL.EMP.VULN.FE.ZS-1993,https://data.humdata.org/dataset/world-bank-social-development-indicators-for-lebanon,The World Bank,http://linked.aub.edu.lb/CODEC/Lebanon/Dataset/social-development-Lebanon,1993
http://dbpedia.org/resource/Lebanon,SL.EMP.VULN.FE.ZS,1.456426e+01,http://linked.aub.edu.lb/CODEC/Lebanon/observation/social-development-Lebanon-SL.EMP.VULN.FE.ZS-1994,https://data.humdata.org/dataset/world-bank-social-development-indicators-for-lebanon,The World Bank,http://linked.aub.edu.lb/CODEC/Lebanon/Dataset/social-development-Lebanon,1994
http://dbpedia.org/resource/Lebanon,SL.EMP.VULN.FE.ZS,1.446726e+01,http://linked.aub.edu.lb/CODEC/Lebanon/observation/social-development-Lebanon-SL.EMP.VULN.FE.ZS-1995,https://data.humdata.org/dataset/world-bank-social-development-indicators-for-lebanon,The World Bank,http://linked.aub.edu.lb/CODEC/Lebanon/Dataset/social-development-Lebanon,1995
http://dbpedia.org/resource/Lebanon,SL.EMP.VULN.FE.ZS,1.418254e+01,http://linked.aub.edu.lb/CODEC/Lebanon/observation/social-development-Lebanon-SL.EMP.VULN.FE.ZS-1996,https://data.humdata.org/dataset/world-bank-social-development-indicators-for-lebanon,The World Bank,http://linked.aub.edu.lb/CODEC/Lebanon/Dataset/social-development-Lebanon,1996
http://dbpedia.org/resource/Lebanon,SL.EMP.VULN.FE.ZS,1.407049e+01,http://linked.aub.edu.lb/CODEC/Lebanon/observation/social-development-Lebanon-SL.EMP.VULN.FE.ZS-1997,https://data.humdata.org/dataset/world-bank-social-development-indicators-for-lebanon,The World Bank,http://linked.aub.edu.lb/CODEC/Lebanon/Dataset/social-development-Lebanon,1997
http://dbpedia.org/resource/Lebanon,SL.EMP.VULN.FE.ZS,1.383751e+01,http://linked.aub.edu.lb/CODEC/Lebanon/observation/social-development-Lebanon-SL.EMP.VULN.FE.ZS-1998,https://data.humdata.org/dataset/world-bank-social-development-indicators-for-lebanon,The World Bank,http://linked.aub.edu.lb/CODEC/Lebanon/Dataset/social-development-Lebanon,1998
http://dbpedia.org/resource/Lebanon,SL.EMP.VULN.FE.ZS,1.381075e+01,http://linked.aub.edu.lb/CODEC/Lebanon/observation/social-development-Lebanon-SL.EMP.VULN.FE.ZS-1999,https://data.humdata.org/dataset/world-bank-social-development-indicators-for-lebanon,The World Bank,http://linked.aub.edu.lb/CODEC/Lebanon/Dataset/social-development-Lebanon,1999
http://dbpedia.org/resource/Lebanon,SL.EMP.VULN.FE.ZS,1.383829e+01,http://linked.aub.edu.lb/CODEC/Lebanon/observation/social-development-Lebanon-SL.EMP.VULN.FE.ZS-2000,https://data.humdata.org/dataset/world-bank-social-development-indicators-for-lebanon,The World Bank,http://linked.aub.edu.lb/CODEC/Lebanon/Dataset/social-development-Lebanon,2000
http://dbpedia.org/resource/Lebanon,SL.EMP.VULN.FE.ZS,1.376268e+01,http://linked.aub.edu.lb/CODEC/Lebanon/observation/social-development-Lebanon-SL.EMP.VULN.FE.ZS-2001,https://data.humdata.org/dataset/world-bank-social-development-indicators-for-lebanon,The World Bank,http://linked.aub.edu.lb/CODEC/Lebanon/Dataset/social-development-Lebanon,2001
http://dbpedia.org/resource/Lebanon,SL.EMP.VULN.FE.ZS,1.381298e+01,http://linked.aub.edu.lb/CODEC/Lebanon/observation/social-development-Lebanon-SL.EMP.VULN.FE.ZS-2002,https://data.humdata.org/dataset/world-bank-social-development-indicators-for-lebanon,The World Bank,http://linked.aub.edu.lb/CODEC/Lebanon/Dataset/social-development-Lebanon,2002
http://dbpedia.org/resource/Lebanon,SL.EMP.VULN.FE.ZS,1.396477e+01,http://linked.aub.edu.lb/CODEC/Lebanon/observation/social-development-Lebanon-SL.EMP.VULN.FE.ZS-2003,https://data.humdata.org/dataset/world-bank-social-development-indicators-for-lebanon,The World Bank,http://linked.aub.edu.lb/CODEC/Lebanon/Dataset/social-development-Lebanon,2003
http://dbpedia.org/resource/Lebanon,SL.EMP.VULN.FE.ZS,1.40111e+01,http://linked.aub.edu.lb/CODEC/Lebanon/observation/social-development-Lebanon-SL.EMP.VULN.FE.ZS-2004,https://data.humdata.org/dataset/world-bank-social-development-indicators-for-lebanon,The World Bank,http://linked.aub.edu.lb/CODEC/Lebanon/Dataset/social-development-Lebanon,2004
http://dbpedia.org/resource/Lebanon,SL.EMP.VULN.FE.ZS,1.454904e+01,http://linked.aub.edu.lb/CODEC/Lebanon/observation/social-development-Lebanon-SL.EMP.VULN.FE.ZS-2005,https://data.humdata.org/dataset/world-bank-social-development-indicators-for-lebanon,The World Bank,http://linked.aub.edu.lb/CODEC/Lebanon/Dataset/social-development-Lebanon,2005
http://dbpedia.org/resource/Lebanon,SL.EMP.VULN.FE.ZS,1.52363e+01,http://linked.aub.edu.lb/CODEC/Lebanon/observation/social-development-Lebanon-SL.EMP.VULN.FE.ZS-2006,https://data.humdata.org/dataset/world-bank-social-development-indicators-for-lebanon,The World Bank,http://linked.aub.edu.lb/CODEC/Lebanon/Dataset/social-development-Lebanon,2006
http://dbpedia.org/resource/Lebanon,SL.EMP.VULN.FE.ZS,1.56973e+01,http://linked.aub.edu.lb/CODEC/Lebanon/observation/social-development-Lebanon-SL.EMP.VULN.FE.ZS-2007,https://data.humdata.org/dataset/world-bank-social-development-indicators-for-lebanon,The World Bank,http://linked.aub.edu.lb/CODEC/Lebanon/Dataset/social-development-Lebanon,2007
http://dbpedia.org/resource/Lebanon,SL.EMP.VULN.FE.ZS,1.526206e+01,http://linked.aub.edu.lb/CODEC/Lebanon/observation/social-development-Lebanon-SL.EMP.VULN.FE.ZS-2008,https://data.humdata.org/dataset/world-bank-social-development-indicators-for-lebanon,The World Bank,http://linked.aub.edu.lb/CODEC/Lebanon/Dataset/social-development-Lebanon,2008
http://dbpedia.org/resource/Lebanon,SL.EMP.VULN.FE.ZS,1.463246e+01,http://linked.aub.edu.lb/CODEC/Lebanon/observation/social-development-Lebanon-SL.EMP.VULN.FE.ZS-2009,https://data.humdata.org/dataset/world-bank-social-development-indicators-for-lebanon,The World Bank,http://linked.aub.edu.lb/CODEC/Lebanon/Dataset/social-development-Lebanon,2009
http://dbpedia.org/resource/Lebanon,SL.EMP.VULN.FE.ZS,1.410612e+01,http://linked.aub.edu.lb/CODEC/Lebanon/observation/social-development-Lebanon-SL.EMP.VULN.FE.ZS-2010,https://data.humdata.org/dataset/world-bank-social-development-indicators-for-lebanon,The World Bank,http://linked.aub.edu.lb/CODEC/Lebanon/Dataset/social-development-Lebanon,2010
http://dbpedia.org/resource/Lebanon,SL.EMP.VULN.FE.ZS,1.40159e+01,http://linked.aub.edu.lb/CODEC/Lebanon/observation/social-development-Lebanon-SL.EMP.VULN.FE.ZS-2011,https://data.humdata.org/dataset/world-bank-social-development-indicators-for-lebanon,The World Bank,http://linked.aub.edu.lb/CODEC/Lebanon/Dataset/social-development-Lebanon,2011
http://dbpedia.org/resource/Lebanon,SL.EMP.VULN.FE.ZS,1.403211e+01,http://linked.aub.edu.lb/CODEC/Lebanon/observation/social-development-Lebanon-SL.EMP.VULN.FE.ZS-2012,https://data.humdata.org/dataset/world-bank-social-development-indicators-for-lebanon,The World Bank,http://linked.aub.edu.lb/CODEC/Lebanon/Dataset/social-development-Lebanon,2012
http://dbpedia.org/resource/Lebanon,SL.EMP.VULN.FE.ZS,1.405997e+01,http://linked.aub.edu.lb/CODEC/Lebanon/observation/social-development-Lebanon-SL.EMP.VULN.FE.ZS-2013,https://data.humdata.org/dataset/world-bank-social-development-indicators-for-lebanon,The World Bank,http://linked.aub.edu.lb/CODEC/Lebanon/Dataset/social-development-Lebanon,2013
http://dbpedia.org/resource/Lebanon,SL.EMP.VULN.FE.ZS,1.414219e+01,http://linked.aub.edu.lb/CODEC/Lebanon/observation/social-development-Lebanon-SL.EMP.VULN.FE.ZS-2014,https://data.humdata.org/dataset/world-bank-social-development-indicators-for-lebanon,The World Bank,http://linked.aub.edu.lb/CODEC/Lebanon/Dataset/social-development-Lebanon,2014
http://dbpedia.org/resource/Lebanon,SL.EMP.VULN.FE.ZS,1.427087e+01,http://linked.aub.edu.lb/CODEC/Lebanon/observation/social-development-Lebanon-SL.EMP.VULN.FE.ZS-2015,https://data.humdata.org/dataset/world-bank-social-development-indicators-for-lebanon,The World Bank,http://linked.aub.edu.lb/CODEC/Lebanon/Dataset/social-development-Lebanon,2015
http://dbpedia.org/resource/Lebanon,SL.EMP.VULN.FE.ZS,1.423611e+01,http://linked.aub.edu.lb/CODEC/Lebanon/observation/social-development-Lebanon-SL.EMP.VULN.FE.ZS-2016,https://data.humdata.org/dataset/world-bank-social-development-indicators-for-lebanon,The World Bank,http://linked.aub.edu.lb/CODEC/Lebanon/Dataset/social-development-Lebanon,2016
http://dbpedia.org/resource/Lebanon,SL.EMP.VULN.FE.ZS,1.406189e+01,http://linked.aub.edu.lb/CODEC/Lebanon/observation/social-development-Lebanon-SL.EMP.VULN.FE.ZS-2017,https://data.humdata.org/dataset/world-bank-social-development-indicators-for-lebanon,The World Bank,http://linked.aub.edu.lb/CODEC/Lebanon/Dataset/social-development-Lebanon,2017
http://dbpedia.org/resource/Lebanon,SL.EMP.VULN.FE.ZS,1.385442e+01,http://linked.aub.edu.lb/CODEC/Lebanon/observation/social-development-Lebanon-SL.EMP.VULN.FE.ZS-2018,https://data.humdata.org/dataset/world-bank-social-development-indicators-for-lebanon,The World Bank,http://linked.aub.edu.lb/CODEC/Lebanon/Dataset/social-development-Lebanon,2018
http://dbpedia.org/resource/Lebanon,SL.EMP.VULN.FE.ZS,1.378353e+01,http://linked.aub.edu.lb/CODEC/Lebanon/observation/social-development-Lebanon-SL.EMP.VULN.FE.ZS-2019,https://data.humdata.org/dataset/world-bank-social-development-indicators-for-lebanon,The World Bank,http://linked.aub.edu.lb/CODEC/Lebanon/Dataset/social-development-Lebanon,2019
http://dbpedia.org/resource/Lebanon,SL.EMP.VULN.FE.ZS,1.36027e+01,http://linked.aub.edu.lb/CODEC/Lebanon/observation/social-development-Lebanon-SL.EMP.VULN.FE.ZS-2020,https://data.humdata.org/dataset/world-bank-social-development-indicators-for-lebanon,The World Bank,http://linked.aub.edu.lb/CODEC/Lebanon/Dataset/social-development-Lebanon,2020
http://dbpedia.org/resource/Lebanon,SL.EMP.VULN.FE.ZS,1.335026e+01,http://linked.aub.edu.lb/CODEC/Lebanon/observation/social-development-Lebanon-SL.EMP.VULN.FE.ZS-2021,https://data.humdata.org/dataset/world-bank-social-development-indicators-for-lebanon,The World Bank,http://linked.aub.edu.lb/CODEC/Lebanon/Dataset/social-development-Lebanon,2021
http://dbpedia.org/resource/Lebanon,SL.EMP.VULN.MA.ZS,3.63176e+01,http://linked.aub.edu.lb/CODEC/Lebanon/observation/social-development-Lebanon-SL.EMP.VULN.MA.ZS-1991,https://data.humdata.org/dataset/world-bank-social-development-indicators-for-lebanon,The World Bank,http://linked.aub.edu.lb/CODEC/Lebanon/Dataset/social-development-Lebanon,1991
http://dbpedia.org/resource/Lebanon,SL.EMP.VULN.MA.ZS,3.613287e+01,http://linked.aub.edu.lb/CODEC/Lebanon/observation/social-development-Lebanon-SL.EMP.VULN.MA.ZS-1992,https://data.humdata.org/dataset/world-bank-social-development-indicators-for-lebanon,The World Bank,http://linked.aub.edu.lb/CODEC/Lebanon/Dataset/social-development-Lebanon,1992
http://dbpedia.org/resource/Lebanon,SL.EMP.VULN.MA.ZS,3.596679e+01,http://linked.aub.edu.lb/CODEC/Lebanon/observation/social-development-Lebanon-SL.EMP.VULN.MA.ZS-1993,https://data.humdata.org/dataset/world-bank-social-development-indicators-for-lebanon,The World Bank,http://linked.aub.edu.lb/CODEC/Lebanon/Dataset/social-development-Lebanon,1993
http://dbpedia.org/resource/Lebanon,SL.EMP.VULN.MA.ZS,3.582695e+01,http://linked.aub.edu.lb/CODEC/Lebanon/observation/social-development-Lebanon-SL.EMP.VULN.MA.ZS-1994,https://data.humdata.org/dataset/world-bank-social-development-indicators-for-lebanon,The World Bank,http://linked.aub.edu.lb/CODEC/Lebanon/Dataset/social-development-Lebanon,1994
http://dbpedia.org/resource/Lebanon,SL.EMP.VULN.MA.ZS,3.571741e+01,http://linked.aub.edu.lb/CODEC/Lebanon/observation/social-development-Lebanon-SL.EMP.VULN.MA.ZS-1995,https://data.humdata.org/dataset/world-bank-social-development-indicators-for-lebanon,The World Bank,http://linked.aub.edu.lb/CODEC/Lebanon/Dataset/social-development-Lebanon,1995
http://dbpedia.org/resource/Lebanon,SL.EMP.VULN.MA.ZS,3.528995e+01,http://linked.aub.edu.lb/CODEC/Lebanon/observation/social-development-Lebanon-SL.EMP.VULN.MA.ZS-1996,https://data.humdata.org/dataset/world-bank-social-development-indicators-for-lebanon,The World Bank,http://linked.aub.edu.lb/CODEC/Lebanon/Dataset/social-development-Lebanon,1996
http://dbpedia.org/resource/Lebanon,SL.EMP.VULN.MA.ZS,3.523758e+01,http://linked.aub.edu.lb/CODEC/Lebanon/observation/social-development-Lebanon-SL.EMP.VULN.MA.ZS-1997,https://data.humdata.org/dataset/world-bank-social-development-indicators-for-lebanon,The World Bank,http://linked.aub.edu.lb/CODEC/Lebanon/Dataset/social-development-Lebanon,1997
http://dbpedia.org/resource/Lebanon,SL.EMP.VULN.MA.ZS,3.50115e+01,http://linked.aub.edu.lb/CODEC/Lebanon/observation/social-development-Lebanon-SL.EMP.VULN.MA.ZS-1998,https://data.humdata.org/dataset/world-bank-social-development-indicators-for-lebanon,The World Bank,http://linked.aub.edu.lb/CODEC/Lebanon/Dataset/social-development-Lebanon,1998
http://dbpedia.org/resource/Lebanon,SL.EMP.VULN.MA.ZS,3.52349e+01,http://linked.aub.edu.lb/CODEC/Lebanon/observation/social-development-Lebanon-SL.EMP.VULN.MA.ZS-1999,https://data.humdata.org/dataset/world-bank-social-development-indicators-for-lebanon,The World Bank,http://linked.aub.edu.lb/CODEC/Lebanon/Dataset/social-development-Lebanon,1999
http://dbpedia.org/resource/Lebanon,SL.EMP.VULN.MA.ZS,3.558582e+01,http://linked.aub.edu.lb/CODEC/Lebanon/observation/social-development-Lebanon-SL.EMP.VULN.MA.ZS-2000,https://data.humdata.org/dataset/world-bank-social-development-indicators-for-lebanon,The World Bank,http://linked.aub.edu.lb/CODEC/Lebanon/Dataset/social-development-Lebanon,2000
http://dbpedia.org/resource/Lebanon,SL.EMP.VULN.MA.ZS,3.572187e+01,http://linked.aub.edu.lb/CODEC/Lebanon/observation/social-development-Lebanon-SL.EMP.VULN.MA.ZS-2001,https://data.humdata.org/dataset/world-bank-social-development-indicators-for-lebanon,The World Bank,http://linked.aub.edu.lb/CODEC/Lebanon/Dataset/social-development-Lebanon,2001
http://dbpedia.org/resource/Lebanon,SL.EMP.VULN.MA.ZS,3.609446e+01,http://linked.aub.edu.lb/CODEC/Lebanon/observation/social-development-Lebanon-SL.EMP.VULN.MA.ZS-2002,https://data.humdata.org/dataset/world-bank-social-development-indicators-for-lebanon,The World Bank,http://linked.aub.edu.lb/CODEC/Lebanon/Dataset/social-development-Lebanon,2002
http://dbpedia.org/resource/Lebanon,SL.EMP.VULN.MA.ZS,3.659457e+01,http://linked.aub.edu.lb/CODEC/Lebanon/observation/social-development-Lebanon-SL.EMP.VULN.MA.ZS-2003,https://data.humdata.org/dataset/world-bank-social-development-indicators-for-lebanon,The World Bank,http://linked.aub.edu.lb/CODEC/Lebanon/Dataset/social-development-Lebanon,2003
http://dbpedia.org/resource/Lebanon,SL.EMP.VULN.MA.ZS,3.685834e+01,http://linked.aub.edu.lb/CODEC/Lebanon/observation/social-development-Lebanon-SL.EMP.VULN.MA.ZS-2004,https://data.humdata.org/dataset/world-bank-social-development-indicators-for-lebanon,The World Bank,http://linked.aub.edu.lb/CODEC/Lebanon/Dataset/social-development-Lebanon,2004
http://dbpedia.org/resource/Lebanon,SL.EMP.VULN.MA.ZS,3.514361e+01,http://linked.aub.edu.lb/CODEC/Lebanon/observation/social-development-Lebanon-SL.EMP.VULN.MA.ZS-2005,https://data.humdata.org/dataset/world-bank-social-development-indicators-for-lebanon,The World Bank,http://linked.aub.edu.lb/CODEC/Lebanon/Dataset/social-development-Lebanon,2005
http://dbpedia.org/resource/Lebanon,SL.EMP.VULN.MA.ZS,3.347116e+01,http://linked.aub.edu.lb/CODEC/Lebanon/observation/social-development-Lebanon-SL.EMP.VULN.MA.ZS-2006,https://data.humdata.org/dataset/world-bank-social-development-indicators-for-lebanon,The World Bank,http://linked.aub.edu.lb/CODEC/Lebanon/Dataset/social-development-Lebanon,2006
http://dbpedia.org/resource/Lebanon,SL.EMP.VULN.MA.ZS,3.138792e+01,http://linked.aub.edu.lb/CODEC/Lebanon/observation/social-development-Lebanon-SL.EMP.VULN.MA.ZS-2007,https://data.humdata.org/dataset/world-bank-social-development-indicators-for-lebanon,The World Bank,http://linked.aub.edu.lb/CODEC/Lebanon/Dataset/social-development-Lebanon,2007
http://dbpedia.org/resource/Lebanon,SL.EMP.VULN.MA.ZS,3.082814e+01,http://linked.aub.edu.lb/CODEC/Lebanon/observation/social-development-Lebanon-SL.EMP.VULN.MA.ZS-2008,https://data.humdata.org/dataset/world-bank-social-development-indicators-for-lebanon,The World Bank,http://linked.aub.edu.lb/CODEC/Lebanon/Dataset/social-development-Lebanon,2008
http://dbpedia.org/resource/Lebanon,SL.EMP.VULN.MA.ZS,3.005827e+01,http://linked.aub.edu.lb/CODEC/Lebanon/observation/social-development-Lebanon-SL.EMP.VULN.MA.ZS-2009,https://data.humdata.org/dataset/world-bank-social-development-indicators-for-lebanon,The World Bank,http://linked.aub.edu.lb/CODEC/Lebanon/Dataset/social-development-Lebanon,2009
http://dbpedia.org/resource/Lebanon,SL.EMP.VULN.MA.ZS,2.956146e+01,http://linked.aub.edu.lb/CODEC/Lebanon/observation/social-development-Lebanon-SL.EMP.VULN.MA.ZS-2010,https://data.humdata.org/dataset/world-bank-social-development-indicators-for-lebanon,The World Bank,http://linked.aub.edu.lb/CODEC/Lebanon/Dataset/social-development-Lebanon,2010
http://dbpedia.org/resource/Lebanon,SL.EMP.VULN.MA.ZS,2.981428e+01,http://linked.aub.edu.lb/CODEC/Lebanon/observation/social-development-Lebanon-SL.EMP.VULN.MA.ZS-2011,https://data.humdata.org/dataset/world-bank-social-development-indicators-for-lebanon,The World Bank,http://linked.aub.edu.lb/CODEC/Lebanon/Dataset/social-development-Lebanon,2011
http://dbpedia.org/resource/Lebanon,SL.EMP.VULN.MA.ZS,3.026068e+01,http://linked.aub.edu.lb/CODEC/Lebanon/observation/social-development-Lebanon-SL.EMP.VULN.MA.ZS-2012,https://data.humdata.org/dataset/world-bank-social-development-indicators-for-lebanon,The World Bank,http://linked.aub.edu.lb/CODEC/Lebanon/Dataset/social-development-Lebanon,2012
http://dbpedia.org/resource/Lebanon,SL.EMP.VULN.MA.ZS,3.079844e+01,http://linked.aub.edu.lb/CODEC/Lebanon/observation/social-development-Lebanon-SL.EMP.VULN.MA.ZS-2013,https://data.humdata.org/dataset/world-bank-social-development-indicators-for-lebanon,The World Bank,http://linked.aub.edu.lb/CODEC/Lebanon/Dataset/social-development-Lebanon,2013
http://dbpedia.org/resource/Lebanon,SL.EMP.VULN.MA.ZS,3.149526e+01,http://linked.aub.edu.lb/CODEC/Lebanon/observation/social-development-Lebanon-SL.EMP.VULN.MA.ZS-2014,https://data.humdata.org/dataset/world-bank-social-development-indicators-for-lebanon,The World Bank,http://linked.aub.edu.lb/CODEC/Lebanon/Dataset/social-development-Lebanon,2014
http://dbpedia.org/resource/Lebanon,SL.EMP.VULN.MA.ZS,3.23434e+01,http://linked.aub.edu.lb/CODEC/Lebanon/observation/social-development-Lebanon-SL.EMP.VULN.MA.ZS-2015,https://data.humdata.org/dataset/world-bank-social-development-indicators-for-lebanon,The World Bank,http://linked.aub.edu.lb/CODEC/Lebanon/Dataset/social-development-Lebanon,2015
http://dbpedia.org/resource/Lebanon,SL.EMP.VULN.MA.ZS,3.299678e+01,http://linked.aub.edu.lb/CODEC/Lebanon/observation/social-development-Lebanon-SL.EMP.VULN.MA.ZS-2016,https://data.humdata.org/dataset/world-bank-social-development-indicators-for-lebanon,The World Bank,http://linked.aub.edu.lb/CODEC/Lebanon/Dataset/social-development-Lebanon,2016
http://dbpedia.org/resource/Lebanon,SL.EMP.VULN.MA.ZS,3.353201e+01,http://linked.aub.edu.lb/CODEC/Lebanon/observation/social-development-Lebanon-SL.EMP.VULN.MA.ZS-2017,https://data.humdata.org/dataset/world-bank-social-development-indicators-for-lebanon,The World Bank,http://linked.aub.edu.lb/CODEC/Lebanon/Dataset/social-development-Lebanon,2017
http://dbpedia.org/resource/Lebanon,SL.EMP.VULN.MA.ZS,3.409717e+01,http://linked.aub.edu.lb/CODEC/Lebanon/observation/social-development-Lebanon-SL.EMP.VULN.MA.ZS-2018,https://data.humdata.org/dataset/world-bank-social-development-indicators-for-lebanon,The World Bank,http://linked.aub.edu.lb/CODEC/Lebanon/Dataset/social-development-Lebanon,2018
http://dbpedia.org/resource/Lebanon,SL.EMP.VULN.MA.ZS,3.49698e+01,http://linked.aub.edu.lb/CODEC/Lebanon/observation/social-development-Lebanon-SL.EMP.VULN.MA.ZS-2019,https://data.humdata.org/dataset/world-bank-social-development-indicators-for-lebanon,The World Bank,http://linked.aub.edu.lb/CODEC/Lebanon/Dataset/social-development-Lebanon,2019
http://dbpedia.org/resource/Lebanon,SL.EMP.VULN.MA.ZS,3.520266e+01,http://linked.aub.edu.lb/CODEC/Lebanon/observation/social-development-Lebanon-SL.EMP.VULN.MA.ZS-2020,https://data.humdata.org/dataset/world-bank-social-development-indicators-for-lebanon,The World Bank,http://linked.aub.edu.lb/CODEC/Lebanon/Dataset/social-development-Lebanon,2020
http://dbpedia.org/resource/Lebanon,SL.EMP.VULN.MA.ZS,3.474326e+01,http://linked.aub.edu.lb/CODEC/Lebanon/observation/social-development-Lebanon-SL.EMP.VULN.MA.ZS-2021,https://data.humdata.org/dataset/world-bank-social-development-indicators-for-lebanon,The World Bank,http://linked.aub.edu.lb/CODEC/Lebanon/Dataset/social-development-Lebanon,2021
http://dbpedia.org/resource/Lebanon,SL.TLF.ACTI.1524.FE.ZS,2.0338e+01,http://linked.aub.edu.lb/CODEC/Lebanon/observation/social-development-Lebanon-SL.TLF.ACTI.1524.FE.ZS-1990,https://data.humdata.org/dataset/world-bank-social-development-indicators-for-lebanon,The World Bank,http://linked.aub.edu.lb/CODEC/Lebanon/Dataset/social-development-Lebanon,1990
http://dbpedia.org/resource/Lebanon,SL.TLF.ACTI.1524.FE.ZS,2.0286e+01,http://linked.aub.edu.lb/CODEC/Lebanon/observation/social-development-Lebanon-SL.TLF.ACTI.1524.FE.ZS-1991,https://data.humdata.org/dataset/world-bank-social-development-indicators-for-lebanon,The World Bank,http://linked.aub.edu.lb/CODEC/Lebanon/Dataset/social-development-Lebanon,1991
http://dbpedia.org/resource/Lebanon,SL.TLF.ACTI.1524.FE.ZS,2.0024e+01,http://linked.aub.edu.lb/CODEC/Lebanon/observation/social-development-Lebanon-SL.TLF.ACTI.1524.FE.ZS-1992,https://data.humdata.org/dataset/world-bank-social-development-indicators-for-lebanon,The World Bank,http://linked.aub.edu.lb/CODEC/Lebanon/Dataset/social-development-Lebanon,1992
http://dbpedia.org/resource/Lebanon,SL.TLF.ACTI.1524.FE.ZS,1.9822e+01,http://linked.aub.edu.lb/CODEC/Lebanon/observation/social-development-Lebanon-SL.TLF.ACTI.1524.FE.ZS-1993,https://data.humdata.org/dataset/world-bank-social-development-indicators-for-lebanon,The World Bank,http://linked.aub.edu.lb/CODEC/Lebanon/Dataset/social-development-Lebanon,1993
http://dbpedia.org/resource/Lebanon,SL.TLF.ACTI.1524.FE.ZS,1.9606e+01,http://linked.aub.edu.lb/CODEC/Lebanon/observation/social-development-Lebanon-SL.TLF.ACTI.1524.FE.ZS-1994,https://data.humdata.org/dataset/world-bank-social-development-indicators-for-lebanon,The World Bank,http://linked.aub.edu.lb/CODEC/Lebanon/Dataset/social-development-Lebanon,1994
http://dbpedia.org/resource/Lebanon,SL.TLF.ACTI.1524.FE.ZS,1.9353e+01,http://linked.aub.edu.lb/CODEC/Lebanon/observation/social-development-Lebanon-SL.TLF.ACTI.1524.FE.ZS-1995,https://data.humdata.org/dataset/world-bank-social-development-indicators-for-lebanon,The World Bank,http://linked.aub.edu.lb/CODEC/Lebanon/Dataset/social-development-Lebanon,1995
http://dbpedia.org/resource/Lebanon,SL.TLF.ACTI.1524.FE.ZS,1.9086e+01,http://linked.aub.edu.lb/CODEC/Lebanon/observation/social-development-Lebanon-SL.TLF.ACTI.1524.FE.ZS-1996,https://data.humdata.org/dataset/world-bank-social-development-indicators-for-lebanon,The World Bank,http://linked.aub.edu.lb/CODEC/Lebanon/Dataset/social-development-Lebanon,1996
http://dbpedia.org/resource/Lebanon,SL.TLF.ACTI.1524.FE.ZS,1.8918e+01,http://linked.aub.edu.lb/CODEC/Lebanon/observation/social-development-Lebanon-SL.TLF.ACTI.1524.FE.ZS-1997,https://data.humdata.org/dataset/world-bank-social-development-indicators-for-lebanon,The World Bank,http://linked.aub.edu.lb/CODEC/Lebanon/Dataset/social-development-Lebanon,1997
http://dbpedia.org/resource/Lebanon,SL.TLF.ACTI.1524.FE.ZS,1.8711e+01,http://linked.aub.edu.lb/CODEC/Lebanon/observation/social-development-Lebanon-SL.TLF.ACTI.1524.FE.ZS-1998,https://data.humdata.org/dataset/world-bank-social-development-indicators-for-lebanon,The World Bank,http://linked.aub.edu.lb/CODEC/Lebanon/Dataset/social-development-Lebanon,1998
http://dbpedia.org/resource/Lebanon,SL.TLF.ACTI.1524.FE.ZS,1.8562e+01,http://linked.aub.edu.lb/CODEC/Lebanon/observation/social-development-Lebanon-SL.TLF.ACTI.1524.FE.ZS-1999,https://data.humdata.org/dataset/world-bank-social-development-indicators-for-lebanon,The World Bank,http://linked.aub.edu.lb/CODEC/Lebanon/Dataset/social-development-Lebanon,1999
http://dbpedia.org/resource/Lebanon,SL.TLF.ACTI.1524.FE.ZS,1.8422e+01,http://linked.aub.edu.lb/CODEC/Lebanon/observation/social-development-Lebanon-SL.TLF.ACTI.1524.FE.ZS-2000,https://data.humdata.org/dataset/world-bank-social-development-indicators-for-lebanon,The World Bank,http://linked.aub.edu.lb/CODEC/Lebanon/Dataset/social-development-Lebanon,2000
http://dbpedia.org/resource/Lebanon,SL.TLF.ACTI.1524.FE.ZS,1.8372e+01,http://linked.aub.edu.lb/CODEC/Lebanon/observation/social-development-Lebanon-SL.TLF.ACTI.1524.FE.ZS-2001,https://data.humdata.org/dataset/world-bank-social-development-indicators-for-lebanon,The World Bank,http://linked.aub.edu.lb/CODEC/Lebanon/Dataset/social-development-Lebanon,2001
http://dbpedia.org/resource/Lebanon,SL.TLF.ACTI.1524.FE.ZS,1.8377e+01,http://linked.aub.edu.lb/CODEC/Lebanon/observation/social-development-Lebanon-SL.TLF.ACTI.1524.FE.ZS-2002,https://data.humdata.org/dataset/world-bank-social-development-indicators-for-lebanon,The World Bank,http://linked.aub.edu.lb/CODEC/Lebanon/Dataset/social-development-Lebanon,2002
http://dbpedia.org/resource/Lebanon,SL.TLF.ACTI.1524.FE.ZS,1.8418e+01,http://linked.aub.edu.lb/CODEC/Lebanon/observation/social-development-Lebanon-SL.TLF.ACTI.1524.FE.ZS-2003,https://data.humdata.org/dataset/world-bank-social-development-indicators-for-lebanon,The World Bank,http://linked.aub.edu.lb/CODEC/Lebanon/Dataset/social-development-Lebanon,2003
http://dbpedia.org/resource/Lebanon,SL.TLF.ACTI.1524.FE.ZS,1.8424e+01,http://linked.aub.edu.lb/CODEC/Lebanon/observation/social-development-Lebanon-SL.TLF.ACTI.1524.FE.ZS-2004,https://data.humdata.org/dataset/world-bank-social-development-indicators-for-lebanon,The World Bank,http://linked.aub.edu.lb/CODEC/Lebanon/Dataset/social-development-Lebanon,2004
http://dbpedia.org/resource/Lebanon,SL.TLF.ACTI.1524.FE.ZS,1.8514e+01,http://linked.aub.edu.lb/CODEC/Lebanon/observation/social-development-Lebanon-SL.TLF.ACTI.1524.FE.ZS-2005,https://data.humdata.org/dataset/world-bank-social-development-indicators-for-lebanon,The World Bank,http://linked.aub.edu.lb/CODEC/Lebanon/Dataset/social-development-Lebanon,2005
http://dbpedia.org/resource/Lebanon,SL.TLF.ACTI.1524.FE.ZS,1.8612e+01,http://linked.aub.edu.lb/CODEC/Lebanon/observation/social-development-Lebanon-SL.TLF.ACTI.1524.FE.ZS-2006,https://data.humdata.org/dataset/world-bank-social-development-indicators-for-lebanon,The World Bank,http://linked.aub.edu.lb/CODEC/Lebanon/Dataset/social-development-Lebanon,2006
http://dbpedia.org/resource/Lebanon,SL.TLF.ACTI.1524.FE.ZS,1.8706e+01,http://linked.aub.edu.lb/CODEC/Lebanon/observation/social-development-Lebanon-SL.TLF.ACTI.1524.FE.ZS-2007,https://data.humdata.org/dataset/world-bank-social-development-indicators-for-lebanon,The World Bank,http://linked.aub.edu.lb/CODEC/Lebanon/Dataset/social-development-Lebanon,2007
http://dbpedia.org/resource/Lebanon,SL.TLF.ACTI.1524.FE.ZS,1.9455e+01,http://linked.aub.edu.lb/CODEC/Lebanon/observation/social-development-Lebanon-SL.TLF.ACTI.1524.FE.ZS-2008,https://data.humdata.org/dataset/world-bank-social-development-indicators-for-lebanon,The World Bank,http://linked.aub.edu.lb/CODEC/Lebanon/Dataset/social-development-Lebanon,2008
http://dbpedia.org/resource/Lebanon,SL.TLF.ACTI.1524.FE.ZS,2.0227e+01,http://linked.aub.edu.lb/CODEC/Lebanon/observation/social-development-Lebanon-SL.TLF.ACTI.1524.FE.ZS-2009,https://data.humdata.org/dataset/world-bank-social-development-indicators-for-lebanon,The World Bank,http://linked.aub.edu.lb/CODEC/Lebanon/Dataset/social-development-Lebanon,2009
http://dbpedia.org/resource/Lebanon,SL.TLF.ACTI.1524.FE.ZS,2.1019e+01,http://linked.aub.edu.lb/CODEC/Lebanon/observation/social-development-Lebanon-SL.TLF.ACTI.1524.FE.ZS-2010,https://data.humdata.org/dataset/world-bank-social-development-indicators-for-lebanon,The World Bank,http://linked.aub.edu.lb/CODEC/Lebanon/Dataset/social-development-Lebanon,2010
http://dbpedia.org/resource/Lebanon,SL.TLF.ACTI.1524.FE.ZS,2.1831e+01,http://linked.aub.edu.lb/CODEC/Lebanon/observation/social-development-Lebanon-SL.TLF.ACTI.1524.FE.ZS-2011,https://data.humdata.org/dataset/world-bank-social-development-indicators-for-lebanon,The World Bank,http://linked.aub.edu.lb/CODEC/Lebanon/Dataset/social-development-Lebanon,2011
http://dbpedia.org/resource/Lebanon,SL.TLF.ACTI.1524.FE.ZS,2.2661e+01,http://linked.aub.edu.lb/CODEC/Lebanon/observation/social-development-Lebanon-SL.TLF.ACTI.1524.FE.ZS-2012,https://data.humdata.org/dataset/world-bank-social-development-indicators-for-lebanon,The World Bank,http://linked.aub.edu.lb/CODEC/Lebanon/Dataset/social-development-Lebanon,2012
http://dbpedia.org/resource/Lebanon,SL.TLF.ACTI.1524.FE.ZS,2.3509e+01,http://linked.aub.edu.lb/CODEC/Lebanon/observation/social-development-Lebanon-SL.TLF.ACTI.1524.FE.ZS-2013,https://data.humdata.org/dataset/world-bank-social-development-indicators-for-lebanon,The World Bank,http://linked.aub.edu.lb/CODEC/Lebanon/Dataset/social-development-Lebanon,2013
http://dbpedia.org/resource/Lebanon,SL.TLF.ACTI.1524.FE.ZS,2.4374e+01,http://linked.aub.edu.lb/CODEC/Lebanon/observation/social-development-Lebanon-SL.TLF.ACTI.1524.FE.ZS-2014,https://data.humdata.org/dataset/world-bank-social-development-indicators-for-lebanon,The World Bank,http://linked.aub.edu.lb/CODEC/Lebanon/Dataset/social-development-Lebanon,2014
http://dbpedia.org/resource/Lebanon,SL.TLF.ACTI.1524.FE.ZS,2.5275e+01,http://linked.aub.edu.lb/CODEC/Lebanon/observation/social-development-Lebanon-SL.TLF.ACTI.1524.FE.ZS-2015,https://data.humdata.org/dataset/world-bank-social-development-indicators-for-lebanon,The World Bank,http://linked.aub.edu.lb/CODEC/Lebanon/Dataset/social-development-Lebanon,2015
http://dbpedia.org/resource/Lebanon,SL.TLF.ACTI.1524.FE.ZS,2.6172e+01,http://linked.aub.edu.lb/CODEC/Lebanon/observation/social-development-Lebanon-SL.TLF.ACTI.1524.FE.ZS-2016,https://data.humdata.org/dataset/world-bank-social-development-indicators-for-lebanon,The World Bank,http://linked.aub.edu.lb/CODEC/Lebanon/Dataset/social-development-Lebanon,2016
http://dbpedia.org/resource/Lebanon,SL.TLF.ACTI.1524.FE.ZS,2.6996e+01,http://linked.aub.edu.lb/CODEC/Lebanon/observation/social-development-Lebanon-SL.TLF.ACTI.1524.FE.ZS-2017,https://data.humdata.org/dataset/world-bank-social-development-indicators-for-lebanon,The World Bank,http://linked.aub.edu.lb/CODEC/Lebanon/Dataset/social-development-Lebanon,2017
http://dbpedia.org/resource/Lebanon,SL.TLF.ACTI.1524.FE.ZS,2.7738e+01,http://linked.aub.edu.lb/CODEC/Lebanon/observation/social-development-Lebanon-SL.TLF.ACTI.1524.FE.ZS-2018,https://data.humdata.org/dataset/world-bank-social-development-indicators-for-lebanon,The World Bank,http://linked.aub.edu.lb/CODEC/Lebanon/Dataset/social-development-Lebanon,2018
http://dbpedia.org/resource/Lebanon,SL.TLF.ACTI.1524.FE.ZS,2.8401e+01,http://linked.aub.edu.lb/CODEC/Lebanon/observation/social-development-Lebanon-SL.TLF.ACTI.1524.FE.ZS-2019,https://data.humdata.org/dataset/world-bank-social-development-indicators-for-lebanon,The World Bank,http://linked.aub.edu.lb/CODEC/Lebanon/Dataset/social-development-Lebanon,2019
http://dbpedia.org/resource/Lebanon,SL.TLF.ACTI.1524.FE.ZS,2.4648e+01,http://linked.aub.edu.lb/CODEC/Lebanon/observation/social-development-Lebanon-SL.TLF.ACTI.1524.FE.ZS-2020,https://data.humdata.org/dataset/world-bank-social-development-indicators-for-lebanon,The World Bank,http://linked.aub.edu.lb/CODEC/Lebanon/Dataset/social-development-Lebanon,2020
http://dbpedia.org/resource/Lebanon,SL.TLF.ACTI.1524.FE.ZS,2.5391e+01,http://linked.aub.edu.lb/CODEC/Lebanon/observation/social-development-Lebanon-SL.TLF.ACTI.1524.FE.ZS-2021,https://data.humdata.org/dataset/world-bank-social-development-indicators-for-lebanon,The World Bank,http://linked.aub.edu.lb/CODEC/Lebanon/Dataset/social-development-Lebanon,2021
http://dbpedia.org/resource/Lebanon,SL.TLF.ACTI.1524.FE.ZS,2.649e+01,http://linked.aub.edu.lb/CODEC/Lebanon/observation/social-development-Lebanon-SL.TLF.ACTI.1524.FE.ZS-2022,https://data.humdata.org/dataset/world-bank-social-development-indicators-for-lebanon,The World Bank,http://linked.aub.edu.lb/CODEC/Lebanon/Dataset/social-development-Lebanon,2022
http://dbpedia.org/resource/Lebanon,SL.TLF.ACTI.1524.MA.ZS,4.8031e+01,http://linked.aub.edu.lb/CODEC/Lebanon/observation/social-development-Lebanon-SL.TLF.ACTI.1524.MA.ZS-1990,https://data.humdata.org/dataset/world-bank-social-development-indicators-for-lebanon,The World Bank,http://linked.aub.edu.lb/CODEC/Lebanon/Dataset/social-development-Lebanon,1990
http://dbpedia.org/resource/Lebanon,SL.TLF.ACTI.1524.MA.ZS,4.767e+01,http://linked.aub.edu.lb/CODEC/Lebanon/observation/social-development-Lebanon-SL.TLF.ACTI.1524.MA.ZS-1991,https://data.humdata.org/dataset/world-bank-social-development-indicators-for-lebanon,The World Bank,http://linked.aub.edu.lb/CODEC/Lebanon/Dataset/social-development-Lebanon,1991
http://dbpedia.org/resource/Lebanon,SL.TLF.ACTI.1524.MA.ZS,4.6551e+01,http://linked.aub.edu.lb/CODEC/Lebanon/observation/social-development-Lebanon-SL.TLF.ACTI.1524.MA.ZS-1992,https://data.humdata.org/dataset/world-bank-social-development-indicators-for-lebanon,The World Bank,http://linked.aub.edu.lb/CODEC/Lebanon/Dataset/social-development-Lebanon,1992
http://dbpedia.org/resource/Lebanon,SL.TLF.ACTI.1524.MA.ZS,4.5866e+01,http://linked.aub.edu.lb/CODEC/Lebanon/observation/social-development-Lebanon-SL.TLF.ACTI.1524.MA.ZS-1993,https://data.humdata.org/dataset/world-bank-social-development-indicators-for-lebanon,The World Bank,http://linked.aub.edu.lb/CODEC/Lebanon/Dataset/social-development-Lebanon,1993
http://dbpedia.org/resource/Lebanon,SL.TLF.ACTI.1524.MA.ZS,4.5298e+01,http://linked.aub.edu.lb/CODEC/Lebanon/observation/social-development-Lebanon-SL.TLF.ACTI.1524.MA.ZS-1994,https://data.humdata.org/dataset/world-bank-social-development-indicators-for-lebanon,The World Bank,http://linked.aub.edu.lb/CODEC/Lebanon/Dataset/social-development-Lebanon,1994
http://dbpedia.org/resource/Lebanon,SL.TLF.ACTI.1524.MA.ZS,4.4732e+01,http://linked.aub.edu.lb/CODEC/Lebanon/observation/social-development-Lebanon-SL.TLF.ACTI.1524.MA.ZS-1995,https://data.humdata.org/dataset/world-bank-social-development-indicators-for-lebanon,The World Bank,http://linked.aub.edu.lb/CODEC/Lebanon/Dataset/social-development-Lebanon,1995
http://dbpedia.org/resource/Lebanon,SL.TLF.ACTI.1524.MA.ZS,4.382e+01,http://linked.aub.edu.lb/CODEC/Lebanon/observation/social-development-Lebanon-SL.TLF.ACTI.1524.MA.ZS-1996,https://data.humdata.org/dataset/world-bank-social-development-indicators-for-lebanon,The World Bank,http://linked.aub.edu.lb/CODEC/Lebanon/Dataset/social-development-Lebanon,1996
http://dbpedia.org/resource/Lebanon,SL.TLF.ACTI.1524.MA.ZS,4.3598e+01,http://linked.aub.edu.lb/CODEC/Lebanon/observation/social-development-Lebanon-SL.TLF.ACTI.1524.MA.ZS-1997,https://data.humdata.org/dataset/world-bank-social-development-indicators-for-lebanon,The World Bank,http://linked.aub.edu.lb/CODEC/Lebanon/Dataset/social-development-Lebanon,1997
http://dbpedia.org/resource/Lebanon,SL.TLF.ACTI.1524.MA.ZS,4.3131e+01,http://linked.aub.edu.lb/CODEC/Lebanon/observation/social-development-Lebanon-SL.TLF.ACTI.1524.MA.ZS-1998,https://data.humdata.org/dataset/world-bank-social-development-indicators-for-lebanon,The World Bank,http://linked.aub.edu.lb/CODEC/Lebanon/Dataset/social-development-Lebanon,1998
http://dbpedia.org/resource/Lebanon,SL.TLF.ACTI.1524.MA.ZS,4.3048e+01,http://linked.aub.edu.lb/CODEC/Lebanon/observation/social-development-Lebanon-SL.TLF.ACTI.1524.MA.ZS-1999,https://data.humdata.org/dataset/world-bank-social-development-indicators-for-lebanon,The World Bank,http://linked.aub.edu.lb/CODEC/Lebanon/Dataset/social-development-Lebanon,1999
http://dbpedia.org/resource/Lebanon,SL.TLF.ACTI.1524.MA.ZS,4.292e+01,http://linked.aub.edu.lb/CODEC/Lebanon/observation/social-development-Lebanon-SL.TLF.ACTI.1524.MA.ZS-2000,https://data.humdata.org/dataset/world-bank-social-development-indicators-for-lebanon,The World Bank,http://linked.aub.edu.lb/CODEC/Lebanon/Dataset/social-development-Lebanon,2000
http://dbpedia.org/resource/Lebanon,SL.TLF.ACTI.1524.MA.ZS,4.2834e+01,http://linked.aub.edu.lb/CODEC/Lebanon/observation/social-development-Lebanon-SL.TLF.ACTI.1524.MA.ZS-2001,https://data.humdata.org/dataset/world-bank-social-development-indicators-for-lebanon,The World Bank,http://linked.aub.edu.lb/CODEC/Lebanon/Dataset/social-development-Lebanon,2001
http://dbpedia.org/resource/Lebanon,SL.TLF.ACTI.1524.MA.ZS,4.2875e+01,http://linked.aub.edu.lb/CODEC/Lebanon/observation/social-development-Lebanon-SL.TLF.ACTI.1524.MA.ZS-2002,https://data.humdata.org/dataset/world-bank-social-development-indicators-for-lebanon,The World Bank,http://linked.aub.edu.lb/CODEC/Lebanon/Dataset/social-development-Lebanon,2002
http://dbpedia.org/resource/Lebanon,SL.TLF.ACTI.1524.MA.ZS,4.2955e+01,http://linked.aub.edu.lb/CODEC/Lebanon/observation/social-development-Lebanon-SL.TLF.ACTI.1524.MA.ZS-2003,https://data.humdata.org/dataset/world-bank-social-development-indicators-for-lebanon,The World Bank,http://linked.aub.edu.lb/CODEC/Lebanon/Dataset/social-development-Lebanon,2003
http://dbpedia.org/resource/Lebanon,SL.TLF.ACTI.1524.MA.ZS,4.2708e+01,http://linked.aub.edu.lb/CODEC/Lebanon/observation/social-development-Lebanon-SL.TLF.ACTI.1524.MA.ZS-2004,https://data.humdata.org/dataset/world-bank-social-development-indicators-for-lebanon,The World Bank,http://linked.aub.edu.lb/CODEC/Lebanon/Dataset/social-development-Lebanon,2004
http://dbpedia.org/resource/Lebanon,SL.TLF.ACTI.1524.MA.ZS,4.258e+01,http://linked.aub.edu.lb/CODEC/Lebanon/observation/social-development-Lebanon-SL.TLF.ACTI.1524.MA.ZS-2005,https://data.humdata.org/dataset/world-bank-social-development-indicators-for-lebanon,The World Bank,http://linked.aub.edu.lb/CODEC/Lebanon/Dataset/social-development-Lebanon,2005
http://dbpedia.org/resource/Lebanon,SL.TLF.ACTI.1524.MA.ZS,4.2449e+01,http://linked.aub.edu.lb/CODEC/Lebanon/observation/social-development-Lebanon-SL.TLF.ACTI.1524.MA.ZS-2006,https://data.humdata.org/dataset/world-bank-social-development-indicators-for-lebanon,The World Bank,http://linked.aub.edu.lb/CODEC/Lebanon/Dataset/social-development-Lebanon,2006
http://dbpedia.org/resource/Lebanon,SL.TLF.ACTI.1524.MA.ZS,4.2318e+01,http://linked.aub.edu.lb/CODEC/Lebanon/observation/social-development-Lebanon-SL.TLF.ACTI.1524.MA.ZS-2007,https://data.humdata.org/dataset/world-bank-social-development-indicators-for-lebanon,The World Bank,http://linked.aub.edu.lb/CODEC/Lebanon/Dataset/social-development-Lebanon,2007
http://dbpedia.org/resource/Lebanon,SL.TLF.ACTI.1524.MA.ZS,4.2911e+01,http://linked.aub.edu.lb/CODEC/Lebanon/observation/social-development-Lebanon-SL.TLF.ACTI.1524.MA.ZS-2008,https://data.humdata.org/dataset/world-bank-social-development-indicators-for-lebanon,The World Bank,http://linked.aub.edu.lb/CODEC/Lebanon/Dataset/social-development-Lebanon,2008
http://dbpedia.org/resource/Lebanon,SL.TLF.ACTI.1524.MA.ZS,4.35e+01,http://linked.aub.edu.lb/CODEC/Lebanon/observation/social-development-Lebanon-SL.TLF.ACTI.1524.MA.ZS-2009,https://data.humdata.org/dataset/world-bank-social-development-indicators-for-lebanon,The World Bank,http://linked.aub.edu.lb/CODEC/Lebanon/Dataset/social-development-Lebanon,2009
http://dbpedia.org/resource/Lebanon,SL.TLF.ACTI.1524.MA.ZS,4.4085e+01,http://linked.aub.edu.lb/CODEC/Lebanon/observation/social-development-Lebanon-SL.TLF.ACTI.1524.MA.ZS-2010,https://data.humdata.org/dataset/world-bank-social-development-indicators-for-lebanon,The World Bank,http://linked.aub.edu.lb/CODEC/Lebanon/Dataset/social-development-Lebanon,2010
http://dbpedia.org/resource/Lebanon,SL.TLF.ACTI.1524.MA.ZS,4.4667e+01,http://linked.aub.edu.lb/CODEC/Lebanon/observation/social-development-Lebanon-SL.TLF.ACTI.1524.MA.ZS-2011,https://data.humdata.org/dataset/world-bank-social-development-indicators-for-lebanon,The World Bank,http://linked.aub.edu.lb/CODEC/Lebanon/Dataset/social-development-Lebanon,2011
http://dbpedia.org/resource/Lebanon,SL.TLF.ACTI.1524.MA.ZS,4.5245e+01,http://linked.aub.edu.lb/CODEC/Lebanon/observation/social-development-Lebanon-SL.TLF.ACTI.1524.MA.ZS-2012,https://data.humdata.org/dataset/world-bank-social-development-indicators-for-lebanon,The World Bank,http://linked.aub.edu.lb/CODEC/Lebanon/Dataset/social-development-Lebanon,2012
http://dbpedia.org/resource/Lebanon,SL.TLF.ACTI.1524.MA.ZS,4.5822e+01,http://linked.aub.edu.lb/CODEC/Lebanon/observation/social-development-Lebanon-SL.TLF.ACTI.1524.MA.ZS-2013,https://data.humdata.org/dataset/world-bank-social-development-indicators-for-lebanon,The World Bank,http://linked.aub.edu.lb/CODEC/Lebanon/Dataset/social-development-Lebanon,2013
http://dbpedia.org/resource/Lebanon,SL.TLF.ACTI.1524.MA.ZS,4.6397e+01,http://linked.aub.edu.lb/CODEC/Lebanon/observation/social-development-Lebanon-SL.TLF.ACTI.1524.MA.ZS-2014,https://data.humdata.org/dataset/world-bank-social-development-indicators-for-lebanon,The World Bank,http://linked.aub.edu.lb/CODEC/Lebanon/Dataset/social-development-Lebanon,2014
http://dbpedia.org/resource/Lebanon,SL.TLF.ACTI.1524.MA.ZS,4.7026e+01,http://linked.aub.edu.lb/CODEC/Lebanon/observation/social-development-Lebanon-SL.TLF.ACTI.1524.MA.ZS-2015,https://data.humdata.org/dataset/world-bank-social-development-indicators-for-lebanon,The World Bank,http://linked.aub.edu.lb/CODEC/Lebanon/Dataset/social-development-Lebanon,2015
http://dbpedia.org/resource/Lebanon,SL.TLF.ACTI.1524.MA.ZS,4.7697e+01,http://linked.aub.edu.lb/CODEC/Lebanon/observation/social-development-Lebanon-SL.TLF.ACTI.1524.MA.ZS-2016,https://data.humdata.org/dataset/world-bank-social-development-indicators-for-lebanon,The World Bank,http://linked.aub.edu.lb/CODEC/Lebanon/Dataset/social-development-Lebanon,2016
http://dbpedia.org/resource/Lebanon,SL.TLF.ACTI.1524.MA.ZS,4.8324e+01,http://linked.aub.edu.lb/CODEC/Lebanon/observation/social-development-Lebanon-SL.TLF.ACTI.1524.MA.ZS-2017,https://data.humdata.org/dataset/world-bank-social-development-indicators-for-lebanon,The World Bank,http://linked.aub.edu.lb/CODEC/Lebanon/Dataset/social-development-Lebanon,2017
http://dbpedia.org/resource/Lebanon,SL.TLF.ACTI.1524.MA.ZS,4.8918e+01,http://linked.aub.edu.lb/CODEC/Lebanon/observation/social-development-Lebanon-SL.TLF.ACTI.1524.MA.ZS-2018,https://data.humdata.org/dataset/world-bank-social-development-indicators-for-lebanon,The World Bank,http://linked.aub.edu.lb/CODEC/Lebanon/Dataset/social-development-Lebanon,2018
http://dbpedia.org/resource/Lebanon,SL.TLF.ACTI.1524.MA.ZS,4.9504e+01,http://linked.aub.edu.lb/CODEC/Lebanon/observation/social-development-Lebanon-SL.TLF.ACTI.1524.MA.ZS-2019,https://data.humdata.org/dataset/world-bank-social-development-indicators-for-lebanon,The World Bank,http://linked.aub.edu.lb/CODEC/Lebanon/Dataset/social-development-Lebanon,2019
http://dbpedia.org/resource/Lebanon,SL.TLF.ACTI.1524.MA.ZS,4.3822e+01,http://linked.aub.edu.lb/CODEC/Lebanon/observation/social-development-Lebanon-SL.TLF.ACTI.1524.MA.ZS-2020,https://data.humdata.org/dataset/world-bank-social-development-indicators-for-lebanon,The World Bank,http://linked.aub.edu.lb/CODEC/Lebanon/Dataset/social-development-Lebanon,2020
http://dbpedia.org/resource/Lebanon,SL.TLF.ACTI.1524.MA.ZS,4.49e+01,http://linked.aub.edu.lb/CODEC/Lebanon/observation/social-development-Lebanon-SL.TLF.ACTI.1524.MA.ZS-2021,https://data.humdata.org/dataset/world-bank-social-development-indicators-for-lebanon,The World Bank,http://linked.aub.edu.lb/CODEC/Lebanon/Dataset/social-development-Lebanon,2021
http://dbpedia.org/resource/Lebanon,SL.TLF.ACTI.1524.MA.ZS,4.6036e+01,http://linked.aub.edu.lb/CODEC/Lebanon/observation/social-development-Lebanon-SL.TLF.ACTI.1524.MA.ZS-2022,https://data.humdata.org/dataset/world-bank-social-development-indicators-for-lebanon,The World Bank,http://linked.aub.edu.lb/CODEC/Lebanon/Dataset/social-development-Lebanon,2022
http://dbpedia.org/resource/Lebanon,SL.TLF.ACTI.1524.ZS,3.4346e+01,http://linked.aub.edu.lb/CODEC/Lebanon/observation/social-development-Lebanon-SL.TLF.ACTI.1524.ZS-1990,https://data.humdata.org/dataset/world-bank-social-development-indicators-for-lebanon,The World Bank,http://linked.aub.edu.lb/CODEC/Lebanon/Dataset/social-development-Lebanon,1990
http://dbpedia.org/resource/Lebanon,SL.TLF.ACTI.1524.ZS,3.4157e+01,http://linked.aub.edu.lb/CODEC/Lebanon/observation/social-development-Lebanon-SL.TLF.ACTI.1524.ZS-1991,https://data.humdata.org/dataset/world-bank-social-development-indicators-for-lebanon,The World Bank,http://linked.aub.edu.lb/CODEC/Lebanon/Dataset/social-development-Lebanon,1991
http://dbpedia.org/resource/Lebanon,SL.TLF.ACTI.1524.ZS,3.35e+01,http://linked.aub.edu.lb/CODEC/Lebanon/observation/social-development-Lebanon-SL.TLF.ACTI.1524.ZS-1992,https://data.humdata.org/dataset/world-bank-social-development-indicators-for-lebanon,The World Bank,http://linked.aub.edu.lb/CODEC/Lebanon/Dataset/social-development-Lebanon,1992
http://dbpedia.org/resource/Lebanon,SL.TLF.ACTI.1524.ZS,3.3085e+01,http://linked.aub.edu.lb/CODEC/Lebanon/observation/social-development-Lebanon-SL.TLF.ACTI.1524.ZS-1993,https://data.humdata.org/dataset/world-bank-social-development-indicators-for-lebanon,The World Bank,http://linked.aub.edu.lb/CODEC/Lebanon/Dataset/social-development-Lebanon,1993
http://dbpedia.org/resource/Lebanon,SL.TLF.ACTI.1524.ZS,3.2713e+01,http://linked.aub.edu.lb/CODEC/Lebanon/observation/social-development-Lebanon-SL.TLF.ACTI.1524.ZS-1994,https://data.humdata.org/dataset/world-bank-social-development-indicators-for-lebanon,The World Bank,http://linked.aub.edu.lb/CODEC/Lebanon/Dataset/social-development-Lebanon,1994
http://dbpedia.org/resource/Lebanon,SL.TLF.ACTI.1524.ZS,3.2316e+01,http://linked.aub.edu.lb/CODEC/Lebanon/observation/social-development-Lebanon-SL.TLF.ACTI.1524.ZS-1995,https://data.humdata.org/dataset/world-bank-social-development-indicators-for-lebanon,The World Bank,http://linked.aub.edu.lb/CODEC/Lebanon/Dataset/social-development-Lebanon,1995
http://dbpedia.org/resource/Lebanon,SL.TLF.ACTI.1524.ZS,3.1729e+01,http://linked.aub.edu.lb/CODEC/Lebanon/observation/social-development-Lebanon-SL.TLF.ACTI.1524.ZS-1996,https://data.humdata.org/dataset/world-bank-social-development-indicators-for-lebanon,The World Bank,http://linked.aub.edu.lb/CODEC/Lebanon/Dataset/social-development-Lebanon,1996
http://dbpedia.org/resource/Lebanon,SL.TLF.ACTI.1524.ZS,3.1537e+01,http://linked.aub.edu.lb/CODEC/Lebanon/observation/social-development-Lebanon-SL.TLF.ACTI.1524.ZS-1997,https://data.humdata.org/dataset/world-bank-social-development-indicators-for-lebanon,The World Bank,http://linked.aub.edu.lb/CODEC/Lebanon/Dataset/social-development-Lebanon,1997
http://dbpedia.org/resource/Lebanon,SL.TLF.ACTI.1524.ZS,3.1198e+01,http://linked.aub.edu.lb/CODEC/Lebanon/observation/social-development-Lebanon-SL.TLF.ACTI.1524.ZS-1998,https://data.humdata.org/dataset/world-bank-social-development-indicators-for-lebanon,The World Bank,http://linked.aub.edu.lb/CODEC/Lebanon/Dataset/social-development-Lebanon,1998
http://dbpedia.org/resource/Lebanon,SL.TLF.ACTI.1524.ZS,3.1082e+01,http://linked.aub.edu.lb/CODEC/Lebanon/observation/social-development-Lebanon-SL.TLF.ACTI.1524.ZS-1999,https://data.humdata.org/dataset/world-bank-social-development-indicators-for-lebanon,The World Bank,http://linked.aub.edu.lb/CODEC/Lebanon/Dataset/social-development-Lebanon,1999
http://dbpedia.org/resource/Lebanon,SL.TLF.ACTI.1524.ZS,3.0948e+01,http://linked.aub.edu.lb/CODEC/Lebanon/observation/social-development-Lebanon-SL.TLF.ACTI.1524.ZS-2000,https://data.humdata.org/dataset/world-bank-social-development-indicators-for-lebanon,The World Bank,http://linked.aub.edu.lb/CODEC/Lebanon/Dataset/social-development-Lebanon,2000
http://dbpedia.org/resource/Lebanon,SL.TLF.ACTI.1524.ZS,3.0881e+01,http://linked.aub.edu.lb/CODEC/Lebanon/observation/social-development-Lebanon-SL.TLF.ACTI.1524.ZS-2001,https://data.humdata.org/dataset/world-bank-social-development-indicators-for-lebanon,The World Bank,http://linked.aub.edu.lb/CODEC/Lebanon/Dataset/social-development-Lebanon,2001
http://dbpedia.org/resource/Lebanon,SL.TLF.ACTI.1524.ZS,3.0903e+01,http://linked.aub.edu.lb/CODEC/Lebanon/observation/social-development-Lebanon-SL.TLF.ACTI.1524.ZS-2002,https://data.humdata.org/dataset/world-bank-social-development-indicators-for-lebanon,The World Bank,http://linked.aub.edu.lb/CODEC/Lebanon/Dataset/social-development-Lebanon,2002
http://dbpedia.org/resource/Lebanon,SL.TLF.ACTI.1524.ZS,3.0961e+01,http://linked.aub.edu.lb/CODEC/Lebanon/observation/social-development-Lebanon-SL.TLF.ACTI.1524.ZS-2003,https://data.humdata.org/dataset/world-bank-social-development-indicators-for-lebanon,The World Bank,http://linked.aub.edu.lb/CODEC/Lebanon/Dataset/social-development-Lebanon,2003
http://dbpedia.org/resource/Lebanon,SL.TLF.ACTI.1524.ZS,3.0837e+01,http://linked.aub.edu.lb/CODEC/Lebanon/observation/social-development-Lebanon-SL.TLF.ACTI.1524.ZS-2004,https://data.humdata.org/dataset/world-bank-social-development-indicators-for-lebanon,The World Bank,http://linked.aub.edu.lb/CODEC/Lebanon/Dataset/social-development-Lebanon,2004
http://dbpedia.org/resource/Lebanon,SL.TLF.ACTI.1524.ZS,3.0815e+01,http://linked.aub.edu.lb/CODEC/Lebanon/observation/social-development-Lebanon-SL.TLF.ACTI.1524.ZS-2005,https://data.humdata.org/dataset/world-bank-social-development-indicators-for-lebanon,The World Bank,http://linked.aub.edu.lb/CODEC/Lebanon/Dataset/social-development-Lebanon,2005
http://dbpedia.org/resource/Lebanon,SL.TLF.ACTI.1524.ZS,3.0793e+01,http://linked.aub.edu.lb/CODEC/Lebanon/observation/social-development-Lebanon-SL.TLF.ACTI.1524.ZS-2006,https://data.humdata.org/dataset/world-bank-social-development-indicators-for-lebanon,The World Bank,http://linked.aub.edu.lb/CODEC/Lebanon/Dataset/social-development-Lebanon,2006
http://dbpedia.org/resource/Lebanon,SL.TLF.ACTI.1524.ZS,3.077e+01,http://linked.aub.edu.lb/CODEC/Lebanon/observation/social-development-Lebanon-SL.TLF.ACTI.1524.ZS-2007,https://data.humdata.org/dataset/world-bank-social-development-indicators-for-lebanon,The World Bank,http://linked.aub.edu.lb/CODEC/Lebanon/Dataset/social-development-Lebanon,2007
http://dbpedia.org/resource/Lebanon,SL.TLF.ACTI.1524.ZS,3.1439e+01,http://linked.aub.edu.lb/CODEC/Lebanon/observation/social-development-Lebanon-SL.TLF.ACTI.1524.ZS-2008,https://data.humdata.org/dataset/world-bank-social-development-indicators-for-lebanon,The World Bank,http://linked.aub.edu.lb/CODEC/Lebanon/Dataset/social-development-Lebanon,2008
http://dbpedia.org/resource/Lebanon,SL.TLF.ACTI.1524.ZS,3.2116e+01,http://linked.aub.edu.lb/CODEC/Lebanon/observation/social-development-Lebanon-SL.TLF.ACTI.1524.ZS-2009,https://data.humdata.org/dataset/world-bank-social-development-indicators-for-lebanon,The World Bank,http://linked.aub.edu.lb/CODEC/Lebanon/Dataset/social-development-Lebanon,2009
http://dbpedia.org/resource/Lebanon,SL.TLF.ACTI.1524.ZS,3.2801e+01,http://linked.aub.edu.lb/CODEC/Lebanon/observation/social-development-Lebanon-SL.TLF.ACTI.1524.ZS-2010,https://data.humdata.org/dataset/world-bank-social-development-indicators-for-lebanon,The World Bank,http://linked.aub.edu.lb/CODEC/Lebanon/Dataset/social-development-Lebanon,2010
http://dbpedia.org/resource/Lebanon,SL.TLF.ACTI.1524.ZS,3.3493e+01,http://linked.aub.edu.lb/CODEC/Lebanon/observation/social-development-Lebanon-SL.TLF.ACTI.1524.ZS-2011,https://data.humdata.org/dataset/world-bank-social-development-indicators-for-lebanon,The World Bank,http://linked.aub.edu.lb/CODEC/Lebanon/Dataset/social-development-Lebanon,2011
http://dbpedia.org/resource/Lebanon,SL.TLF.ACTI.1524.ZS,3.4192e+01,http://linked.aub.edu.lb/CODEC/Lebanon/observation/social-development-Lebanon-SL.TLF.ACTI.1524.ZS-2012,https://data.humdata.org/dataset/world-bank-social-development-indicators-for-lebanon,The World Bank,http://linked.aub.edu.lb/CODEC/Lebanon/Dataset/social-development-Lebanon,2012
http://dbpedia.org/resource/Lebanon,SL.TLF.ACTI.1524.ZS,3.4897e+01,http://linked.aub.edu.lb/CODEC/Lebanon/observation/social-development-Lebanon-SL.TLF.ACTI.1524.ZS-2013,https://data.humdata.org/dataset/world-bank-social-development-indicators-for-lebanon,The World Bank,http://linked.aub.edu.lb/CODEC/Lebanon/Dataset/social-development-Lebanon,2013
http://dbpedia.org/resource/Lebanon,SL.TLF.ACTI.1524.ZS,3.561e+01,http://linked.aub.edu.lb/CODEC/Lebanon/observation/social-development-Lebanon-SL.TLF.ACTI.1524.ZS-2014,https://data.humdata.org/dataset/world-bank-social-development-indicators-for-lebanon,The World Bank,http://linked.aub.edu.lb/CODEC/Lebanon/Dataset/social-development-Lebanon,2014
http://dbpedia.org/resource/Lebanon,SL.TLF.ACTI.1524.ZS,3.6327e+01,http://linked.aub.edu.lb/CODEC/Lebanon/observation/social-development-Lebanon-SL.TLF.ACTI.1524.ZS-2015,https://data.humdata.org/dataset/world-bank-social-development-indicators-for-lebanon,The World Bank,http://linked.aub.edu.lb/CODEC/Lebanon/Dataset/social-development-Lebanon,2015
http://dbpedia.org/resource/Lebanon,SL.TLF.ACTI.1524.ZS,3.7045e+01,http://linked.aub.edu.lb/CODEC/Lebanon/observation/social-development-Lebanon-SL.TLF.ACTI.1524.ZS-2016,https://data.humdata.org/dataset/world-bank-social-development-indicators-for-lebanon,The World Bank,http://linked.aub.edu.lb/CODEC/Lebanon/Dataset/social-development-Lebanon,2016
http://dbpedia.org/resource/Lebanon,SL.TLF.ACTI.1524.ZS,3.7762e+01,http://linked.aub.edu.lb/CODEC/Lebanon/observation/social-development-Lebanon-SL.TLF.ACTI.1524.ZS-2017,https://data.humdata.org/dataset/world-bank-social-development-indicators-for-lebanon,The World Bank,http://linked.aub.edu.lb/CODEC/Lebanon/Dataset/social-development-Lebanon,2017
http://dbpedia.org/resource/Lebanon,SL.TLF.ACTI.1524.ZS,3.8478e+01,http://linked.aub.edu.lb/CODEC/Lebanon/observation/social-development-Lebanon-SL.TLF.ACTI.1524.ZS-2018,https://data.humdata.org/dataset/world-bank-social-development-indicators-for-lebanon,The World Bank,http://linked.aub.edu.lb/CODEC/Lebanon/Dataset/social-development-Lebanon,2018
http://dbpedia.org/resource/Lebanon,SL.TLF.ACTI.1524.ZS,3.9198e+01,http://linked.aub.edu.lb/CODEC/Lebanon/observation/social-development-Lebanon-SL.TLF.ACTI.1524.ZS-2019,https://data.humdata.org/dataset/world-bank-social-development-indicators-for-lebanon,The World Bank,http://linked.aub.edu.lb/CODEC/Lebanon/Dataset/social-development-Lebanon,2019
http://dbpedia.org/resource/Lebanon,SL.TLF.ACTI.1524.ZS,3.4562e+01,http://linked.aub.edu.lb/CODEC/Lebanon/observation/social-development-Lebanon-SL.TLF.ACTI.1524.ZS-2020,https://data.humdata.org/dataset/world-bank-social-development-indicators-for-lebanon,The World Bank,http://linked.aub.edu.lb/CODEC/Lebanon/Dataset/social-development-Lebanon,2020
http://dbpedia.org/resource/Lebanon,SL.TLF.ACTI.1524.ZS,3.5567e+01,http://linked.aub.edu.lb/CODEC/Lebanon/observation/social-development-Lebanon-SL.TLF.ACTI.1524.ZS-2021,https://data.humdata.org/dataset/world-bank-social-development-indicators-for-lebanon,The World Bank,http://linked.aub.edu.lb/CODEC/Lebanon/Dataset/social-development-Lebanon,2021
http://dbpedia.org/resource/Lebanon,SL.TLF.ACTI.1524.ZS,3.6752e+01,http://linked.aub.edu.lb/CODEC/Lebanon/observation/social-development-Lebanon-SL.TLF.ACTI.1524.ZS-2022,https://data.humdata.org/dataset/world-bank-social-development-indicators-for-lebanon,The World Bank,http://linked.aub.edu.lb/CODEC/Lebanon/Dataset/social-development-Lebanon,2022
http://dbpedia.org/resource/Lebanon,SL.TLF.ACTI.FE.ZS,1.9982e+01,http://linked.aub.edu.lb/CODEC/Lebanon/observation/social-development-Lebanon-SL.TLF.ACTI.FE.ZS-1990,https://data.humdata.org/dataset/world-bank-social-development-indicators-for-lebanon,The World Bank,http://linked.aub.edu.lb/CODEC/Lebanon/Dataset/social-development-Lebanon,1990
http://dbpedia.org/resource/Lebanon,SL.TLF.ACTI.FE.ZS,2.0342e+01,http://linked.aub.edu.lb/CODEC/Lebanon/observation/social-development-Lebanon-SL.TLF.ACTI.FE.ZS-1991,https://data.humdata.org/dataset/world-bank-social-development-indicators-for-lebanon,The World Bank,http://linked.aub.edu.lb/CODEC/Lebanon/Dataset/social-development-Lebanon,1991
http://dbpedia.org/resource/Lebanon,SL.TLF.ACTI.FE.ZS,2.0648e+01,http://linked.aub.edu.lb/CODEC/Lebanon/observation/social-development-Lebanon-SL.TLF.ACTI.FE.ZS-1992,https://data.humdata.org/dataset/world-bank-social-development-indicators-for-lebanon,The World Bank,http://linked.aub.edu.lb/CODEC/Lebanon/Dataset/social-development-Lebanon,1992
http://dbpedia.org/resource/Lebanon,SL.TLF.ACTI.FE.ZS,2.0922e+01,http://linked.aub.edu.lb/CODEC/Lebanon/observation/social-development-Lebanon-SL.TLF.ACTI.FE.ZS-1993,https://data.humdata.org/dataset/world-bank-social-development-indicators-for-lebanon,The World Bank,http://linked.aub.edu.lb/CODEC/Lebanon/Dataset/social-development-Lebanon,1993
http://dbpedia.org/resource/Lebanon,SL.TLF.ACTI.FE.ZS,2.1176e+01,http://linked.aub.edu.lb/CODEC/Lebanon/observation/social-development-Lebanon-SL.TLF.ACTI.FE.ZS-1994,https://data.humdata.org/dataset/world-bank-social-development-indicators-for-lebanon,The World Bank,http://linked.aub.edu.lb/CODEC/Lebanon/Dataset/social-development-Lebanon,1994
http://dbpedia.org/resource/Lebanon,SL.TLF.ACTI.FE.ZS,2.1427e+01,http://linked.aub.edu.lb/CODEC/Lebanon/observation/social-development-Lebanon-SL.TLF.ACTI.FE.ZS-1995,https://data.humdata.org/dataset/world-bank-social-development-indicators-for-lebanon,The World Bank,http://linked.aub.edu.lb/CODEC/Lebanon/Dataset/social-development-Lebanon,1995
http://dbpedia.org/resource/Lebanon,SL.TLF.ACTI.FE.ZS,2.1481e+01,http://linked.aub.edu.lb/CODEC/Lebanon/observation/social-development-Lebanon-SL.TLF.ACTI.FE.ZS-1996,https://data.humdata.org/dataset/world-bank-social-development-indicators-for-lebanon,The World Bank,http://linked.aub.edu.lb/CODEC/Lebanon/Dataset/social-development-Lebanon,1996
http://dbpedia.org/resource/Lebanon,SL.TLF.ACTI.FE.ZS,2.1574e+01,http://linked.aub.edu.lb/CODEC/Lebanon/observation/social-development-Lebanon-SL.TLF.ACTI.FE.ZS-1997,https://data.humdata.org/dataset/world-bank-social-development-indicators-for-lebanon,The World Bank,http://linked.aub.edu.lb/CODEC/Lebanon/Dataset/social-development-Lebanon,1997
http://dbpedia.org/resource/Lebanon,SL.TLF.ACTI.FE.ZS,2.169e+01,http://linked.aub.edu.lb/CODEC/Lebanon/observation/social-development-Lebanon-SL.TLF.ACTI.FE.ZS-1998,https://data.humdata.org/dataset/world-bank-social-development-indicators-for-lebanon,The World Bank,http://linked.aub.edu.lb/CODEC/Lebanon/Dataset/social-development-Lebanon,1998
http://dbpedia.org/resource/Lebanon,SL.TLF.ACTI.FE.ZS,2.1815e+01,http://linked.aub.edu.lb/CODEC/Lebanon/observation/social-development-Lebanon-SL.TLF.ACTI.FE.ZS-1999,https://data.humdata.org/dataset/world-bank-social-development-indicators-for-lebanon,The World Bank,http://linked.aub.edu.lb/CODEC/Lebanon/Dataset/social-development-Lebanon,1999
http://dbpedia.org/resource/Lebanon,SL.TLF.ACTI.FE.ZS,2.1924e+01,http://linked.aub.edu.lb/CODEC/Lebanon/observation/social-development-Lebanon-SL.TLF.ACTI.FE.ZS-2000,https://data.humdata.org/dataset/world-bank-social-development-indicators-for-lebanon,The World Bank,http://linked.aub.edu.lb/CODEC/Lebanon/Dataset/social-development-Lebanon,2000
http://dbpedia.org/resource/Lebanon,SL.TLF.ACTI.FE.ZS,2.1887e+01,http://linked.aub.edu.lb/CODEC/Lebanon/observation/social-development-Lebanon-SL.TLF.ACTI.FE.ZS-2001,https://data.humdata.org/dataset/world-bank-social-development-indicators-for-lebanon,The World Bank,http://linked.aub.edu.lb/CODEC/Lebanon/Dataset/social-development-Lebanon,2001
http://dbpedia.org/resource/Lebanon,SL.TLF.ACTI.FE.ZS,2.189e+01,http://linked.aub.edu.lb/CODEC/Lebanon/observation/social-development-Lebanon-SL.TLF.ACTI.FE.ZS-2002,https://data.humdata.org/dataset/world-bank-social-development-indicators-for-lebanon,The World Bank,http://linked.aub.edu.lb/CODEC/Lebanon/Dataset/social-development-Lebanon,2002
http://dbpedia.org/resource/Lebanon,SL.TLF.ACTI.FE.ZS,2.1932e+01,http://linked.aub.edu.lb/CODEC/Lebanon/observation/social-development-Lebanon-SL.TLF.ACTI.FE.ZS-2003,https://data.humdata.org/dataset/world-bank-social-development-indicators-for-lebanon,The World Bank,http://linked.aub.edu.lb/CODEC/Lebanon/Dataset/social-development-Lebanon,2003
http://dbpedia.org/resource/Lebanon,SL.TLF.ACTI.FE.ZS,2.2028e+01,http://linked.aub.edu.lb/CODEC/Lebanon/observation/social-development-Lebanon-SL.TLF.ACTI.FE.ZS-2004,https://data.humdata.org/dataset/world-bank-social-development-indicators-for-lebanon,The World Bank,http://linked.aub.edu.lb/CODEC/Lebanon/Dataset/social-development-Lebanon,2004
http://dbpedia.org/resource/Lebanon,SL.TLF.ACTI.FE.ZS,2.2341e+01,http://linked.aub.edu.lb/CODEC/Lebanon/observation/social-development-Lebanon-SL.TLF.ACTI.FE.ZS-2005,https://data.humdata.org/dataset/world-bank-social-development-indicators-for-lebanon,The World Bank,http://linked.aub.edu.lb/CODEC/Lebanon/Dataset/social-development-Lebanon,2005
http://dbpedia.org/resource/Lebanon,SL.TLF.ACTI.FE.ZS,2.2656e+01,http://linked.aub.edu.lb/CODEC/Lebanon/observation/social-development-Lebanon-SL.TLF.ACTI.FE.ZS-2006,https://data.humdata.org/dataset/world-bank-social-development-indicators-for-lebanon,The World Bank,http://linked.aub.edu.lb/CODEC/Lebanon/Dataset/social-development-Lebanon,2006
http://dbpedia.org/resource/Lebanon,SL.TLF.ACTI.FE.ZS,2.2973e+01,http://linked.aub.edu.lb/CODEC/Lebanon/observation/social-development-Lebanon-SL.TLF.ACTI.FE.ZS-2007,https://data.humdata.org/dataset/world-bank-social-development-indicators-for-lebanon,The World Bank,http://linked.aub.edu.lb/CODEC/Lebanon/Dataset/social-development-Lebanon,2007
http://dbpedia.org/resource/Lebanon,SL.TLF.ACTI.FE.ZS,2.3642e+01,http://linked.aub.edu.lb/CODEC/Lebanon/observation/social-development-Lebanon-SL.TLF.ACTI.FE.ZS-2008,https://data.humdata.org/dataset/world-bank-social-development-indicators-for-lebanon,The World Bank,http://linked.aub.edu.lb/CODEC/Lebanon/Dataset/social-development-Lebanon,2008
http://dbpedia.org/resource/Lebanon,SL.TLF.ACTI.FE.ZS,2.4324e+01,http://linked.aub.edu.lb/CODEC/Lebanon/observation/social-development-Lebanon-SL.TLF.ACTI.FE.ZS-2009,https://data.humdata.org/dataset/world-bank-social-development-indicators-for-lebanon,The World Bank,http://linked.aub.edu.lb/CODEC/Lebanon/Dataset/social-development-Lebanon,2009
http://dbpedia.org/resource/Lebanon,SL.TLF.ACTI.FE.ZS,2.502e+01,http://linked.aub.edu.lb/CODEC/Lebanon/observation/social-development-Lebanon-SL.TLF.ACTI.FE.ZS-2010,https://data.humdata.org/dataset/world-bank-social-development-indicators-for-lebanon,The World Bank,http://linked.aub.edu.lb/CODEC/Lebanon/Dataset/social-development-Lebanon,2010
http://dbpedia.org/resource/Lebanon,SL.TLF.ACTI.FE.ZS,2.5732e+01,http://linked.aub.edu.lb/CODEC/Lebanon/observation/social-development-Lebanon-SL.TLF.ACTI.FE.ZS-2011,https://data.humdata.org/dataset/world-bank-social-development-indicators-for-lebanon,The World Bank,http://linked.aub.edu.lb/CODEC/Lebanon/Dataset/social-development-Lebanon,2011
http://dbpedia.org/resource/Lebanon,SL.TLF.ACTI.FE.ZS,2.6461e+01,http://linked.aub.edu.lb/CODEC/Lebanon/observation/social-development-Lebanon-SL.TLF.ACTI.FE.ZS-2012,https://data.humdata.org/dataset/world-bank-social-development-indicators-for-lebanon,The World Bank,http://linked.aub.edu.lb/CODEC/Lebanon/Dataset/social-development-Lebanon,2012
http://dbpedia.org/resource/Lebanon,SL.TLF.ACTI.FE.ZS,2.7212e+01,http://linked.aub.edu.lb/CODEC/Lebanon/observation/social-development-Lebanon-SL.TLF.ACTI.FE.ZS-2013,https://data.humdata.org/dataset/world-bank-social-development-indicators-for-lebanon,The World Bank,http://linked.aub.edu.lb/CODEC/Lebanon/Dataset/social-development-Lebanon,2013
http://dbpedia.org/resource/Lebanon,SL.TLF.ACTI.FE.ZS,2.7984e+01,http://linked.aub.edu.lb/CODEC/Lebanon/observation/social-development-Lebanon-SL.TLF.ACTI.FE.ZS-2014,https://data.humdata.org/dataset/world-bank-social-development-indicators-for-lebanon,The World Bank,http://linked.aub.edu.lb/CODEC/Lebanon/Dataset/social-development-Lebanon,2014
http://dbpedia.org/resource/Lebanon,SL.TLF.ACTI.FE.ZS,2.8891e+01,http://linked.aub.edu.lb/CODEC/Lebanon/observation/social-development-Lebanon-SL.TLF.ACTI.FE.ZS-2015,https://data.humdata.org/dataset/world-bank-social-development-indicators-for-lebanon,The World Bank,http://linked.aub.edu.lb/CODEC/Lebanon/Dataset/social-development-Lebanon,2015
http://dbpedia.org/resource/Lebanon,SL.TLF.ACTI.FE.ZS,2.9939e+01,http://linked.aub.edu.lb/CODEC/Lebanon/observation/social-development-Lebanon-SL.TLF.ACTI.FE.ZS-2016,https://data.humdata.org/dataset/world-bank-social-development-indicators-for-lebanon,The World Bank,http://linked.aub.edu.lb/CODEC/Lebanon/Dataset/social-development-Lebanon,2016
http://dbpedia.org/resource/Lebanon,SL.TLF.ACTI.FE.ZS,3.1e+01,http://linked.aub.edu.lb/CODEC/Lebanon/observation/social-development-Lebanon-SL.TLF.ACTI.FE.ZS-2017,https://data.humdata.org/dataset/world-bank-social-development-indicators-for-lebanon,The World Bank,http://linked.aub.edu.lb/CODEC/Lebanon/Dataset/social-development-Lebanon,2017
http://dbpedia.org/resource/Lebanon,SL.TLF.ACTI.FE.ZS,3.2061e+01,http://linked.aub.edu.lb/CODEC/Lebanon/observation/social-development-Lebanon-SL.TLF.ACTI.FE.ZS-2018,https://data.humdata.org/dataset/world-bank-social-development-indicators-for-lebanon,The World Bank,http://linked.aub.edu.lb/CODEC/Lebanon/Dataset/social-development-Lebanon,2018
http://dbpedia.org/resource/Lebanon,SL.TLF.ACTI.FE.ZS,3.312e+01,http://linked.aub.edu.lb/CODEC/Lebanon/observation/social-development-Lebanon-SL.TLF.ACTI.FE.ZS-2019,https://data.humdata.org/dataset/world-bank-social-development-indicators-for-lebanon,The World Bank,http://linked.aub.edu.lb/CODEC/Lebanon/Dataset/social-development-Lebanon,2019
http://dbpedia.org/resource/Lebanon,SL.TLF.ACTI.FE.ZS,3.0223e+01,http://linked.aub.edu.lb/CODEC/Lebanon/observation/social-development-Lebanon-SL.TLF.ACTI.FE.ZS-2020,https://data.humdata.org/dataset/world-bank-social-development-indicators-for-lebanon,The World Bank,http://linked.aub.edu.lb/CODEC/Lebanon/Dataset/social-development-Lebanon,2020
http://dbpedia.org/resource/Lebanon,SL.TLF.ACTI.FE.ZS,3.1622e+01,http://linked.aub.edu.lb/CODEC/Lebanon/observation/social-development-Lebanon-SL.TLF.ACTI.FE.ZS-2021,https://data.humdata.org/dataset/world-bank-social-development-indicators-for-lebanon,The World Bank,http://linked.aub.edu.lb/CODEC/Lebanon/Dataset/social-development-Lebanon,2021
http://dbpedia.org/resource/Lebanon,SL.TLF.ACTI.MA.ZS,7.3563e+01,http://linked.aub.edu.lb/CODEC/Lebanon/observation/social-development-Lebanon-SL.TLF.ACTI.MA.ZS-1990,https://data.humdata.org/dataset/world-bank-social-development-indicators-for-lebanon,The World Bank,http://linked.aub.edu.lb/CODEC/Lebanon/Dataset/social-development-Lebanon,1990
http://dbpedia.org/resource/Lebanon,SL.TLF.ACTI.MA.ZS,7.3573e+01,http://linked.aub.edu.lb/CODEC/Lebanon/observation/social-development-Lebanon-SL.TLF.ACTI.MA.ZS-1991,https://data.humdata.org/dataset/world-bank-social-development-indicators-for-lebanon,The World Bank,http://linked.aub.edu.lb/CODEC/Lebanon/Dataset/social-development-Lebanon,1991
http://dbpedia.org/resource/Lebanon,SL.TLF.ACTI.MA.ZS,7.2758e+01,http://linked.aub.edu.lb/CODEC/Lebanon/observation/social-development-Lebanon-SL.TLF.ACTI.MA.ZS-1992,https://data.humdata.org/dataset/world-bank-social-development-indicators-for-lebanon,The World Bank,http://linked.aub.edu.lb/CODEC/Lebanon/Dataset/social-development-Lebanon,1992
http://dbpedia.org/resource/Lebanon,SL.TLF.ACTI.MA.ZS,7.2407e+01,http://linked.aub.edu.lb/CODEC/Lebanon/observation/social-development-Lebanon-SL.TLF.ACTI.MA.ZS-1993,https://data.humdata.org/dataset/world-bank-social-development-indicators-for-lebanon,The World Bank,http://linked.aub.edu.lb/CODEC/Lebanon/Dataset/social-development-Lebanon,1993
http://dbpedia.org/resource/Lebanon,SL.TLF.ACTI.MA.ZS,7.2199e+01,http://linked.aub.edu.lb/CODEC/Lebanon/observation/social-development-Lebanon-SL.TLF.ACTI.MA.ZS-1994,https://data.humdata.org/dataset/world-bank-social-development-indicators-for-lebanon,The World Bank,http://linked.aub.edu.lb/CODEC/Lebanon/Dataset/social-development-Lebanon,1994
http://dbpedia.org/resource/Lebanon,SL.TLF.ACTI.MA.ZS,7.2022e+01,http://linked.aub.edu.lb/CODEC/Lebanon/observation/social-development-Lebanon-SL.TLF.ACTI.MA.ZS-1995,https://data.humdata.org/dataset/world-bank-social-development-indicators-for-lebanon,The World Bank,http://linked.aub.edu.lb/CODEC/Lebanon/Dataset/social-development-Lebanon,1995
http://dbpedia.org/resource/Lebanon,SL.TLF.ACTI.MA.ZS,7.1292e+01,http://linked.aub.edu.lb/CODEC/Lebanon/observation/social-development-Lebanon-SL.TLF.ACTI.MA.ZS-1996,https://data.humdata.org/dataset/world-bank-social-development-indicators-for-lebanon,The World Bank,http://linked.aub.edu.lb/CODEC/Lebanon/Dataset/social-development-Lebanon,1996
http://dbpedia.org/resource/Lebanon,SL.TLF.ACTI.MA.ZS,7.1312e+01,http://linked.aub.edu.lb/CODEC/Lebanon/observation/social-development-Lebanon-SL.TLF.ACTI.MA.ZS-1997,https://data.humdata.org/dataset/world-bank-social-development-indicators-for-lebanon,The World Bank,http://linked.aub.edu.lb/CODEC/Lebanon/Dataset/social-development-Lebanon,1997
http://dbpedia.org/resource/Lebanon,SL.TLF.ACTI.MA.ZS,7.1087e+01,http://linked.aub.edu.lb/CODEC/Lebanon/observation/social-development-Lebanon-SL.TLF.ACTI.MA.ZS-1998,https://data.humdata.org/dataset/world-bank-social-development-indicators-for-lebanon,The World Bank,http://linked.aub.edu.lb/CODEC/Lebanon/Dataset/social-development-Lebanon,1998
http://dbpedia.org/resource/Lebanon,SL.TLF.ACTI.MA.ZS,7.1254e+01,http://linked.aub.edu.lb/CODEC/Lebanon/observation/social-development-Lebanon-SL.TLF.ACTI.MA.ZS-1999,https://data.humdata.org/dataset/world-bank-social-development-indicators-for-lebanon,The World Bank,http://linked.aub.edu.lb/CODEC/Lebanon/Dataset/social-development-Lebanon,1999
http://dbpedia.org/resource/Lebanon,SL.TLF.ACTI.MA.ZS,7.1343e+01,http://linked.aub.edu.lb/CODEC/Lebanon/observation/social-development-Lebanon-SL.TLF.ACTI.MA.ZS-2000,https://data.humdata.org/dataset/world-bank-social-development-indicators-for-lebanon,The World Bank,http://linked.aub.edu.lb/CODEC/Lebanon/Dataset/social-development-Lebanon,2000
http://dbpedia.org/resource/Lebanon,SL.TLF.ACTI.MA.ZS,7.1287e+01,http://linked.aub.edu.lb/CODEC/Lebanon/observation/social-development-Lebanon-SL.TLF.ACTI.MA.ZS-2001,https://data.humdata.org/dataset/world-bank-social-development-indicators-for-lebanon,The World Bank,http://linked.aub.edu.lb/CODEC/Lebanon/Dataset/social-development-Lebanon,2001
http://dbpedia.org/resource/Lebanon,SL.TLF.ACTI.MA.ZS,7.1353e+01,http://linked.aub.edu.lb/CODEC/Lebanon/observation/social-development-Lebanon-SL.TLF.ACTI.MA.ZS-2002,https://data.humdata.org/dataset/world-bank-social-development-indicators-for-lebanon,The World Bank,http://linked.aub.edu.lb/CODEC/Lebanon/Dataset/social-development-Lebanon,2002
http://dbpedia.org/resource/Lebanon,SL.TLF.ACTI.MA.ZS,7.1458e+01,http://linked.aub.edu.lb/CODEC/Lebanon/observation/social-development-Lebanon-SL.TLF.ACTI.MA.ZS-2003,https://data.humdata.org/dataset/world-bank-social-development-indicators-for-lebanon,The World Bank,http://linked.aub.edu.lb/CODEC/Lebanon/Dataset/social-development-Lebanon,2003
http://dbpedia.org/resource/Lebanon,SL.TLF.ACTI.MA.ZS,7.1235e+01,http://linked.aub.edu.lb/CODEC/Lebanon/observation/social-development-Lebanon-SL.TLF.ACTI.MA.ZS-2004,https://data.humdata.org/dataset/world-bank-social-development-indicators-for-lebanon,The World Bank,http://linked.aub.edu.lb/CODEC/Lebanon/Dataset/social-development-Lebanon,2004
http://dbpedia.org/resource/Lebanon,SL.TLF.ACTI.MA.ZS,7.0579e+01,http://linked.aub.edu.lb/CODEC/Lebanon/observation/social-development-Lebanon-SL.TLF.ACTI.MA.ZS-2005,https://data.humdata.org/dataset/world-bank-social-development-indicators-for-lebanon,The World Bank,http://linked.aub.edu.lb/CODEC/Lebanon/Dataset/social-development-Lebanon,2005
http://dbpedia.org/resource/Lebanon,SL.TLF.ACTI.MA.ZS,6.9931e+01,http://linked.aub.edu.lb/CODEC/Lebanon/observation/social-development-Lebanon-SL.TLF.ACTI.MA.ZS-2006,https://data.humdata.org/dataset/world-bank-social-development-indicators-for-lebanon,The World Bank,http://linked.aub.edu.lb/CODEC/Lebanon/Dataset/social-development-Lebanon,2006
http://dbpedia.org/resource/Lebanon,SL.TLF.ACTI.MA.ZS,6.9285e+01,http://linked.aub.edu.lb/CODEC/Lebanon/observation/social-development-Lebanon-SL.TLF.ACTI.MA.ZS-2007,https://data.humdata.org/dataset/world-bank-social-development-indicators-for-lebanon,The World Bank,http://linked.aub.edu.lb/CODEC/Lebanon/Dataset/social-development-Lebanon,2007
http://dbpedia.org/resource/Lebanon,SL.TLF.ACTI.MA.ZS,6.9584e+01,http://linked.aub.edu.lb/CODEC/Lebanon/observation/social-development-Lebanon-SL.TLF.ACTI.MA.ZS-2008,https://data.humdata.org/dataset/world-bank-social-development-indicators-for-lebanon,The World Bank,http://linked.aub.edu.lb/CODEC/Lebanon/Dataset/social-development-Lebanon,2008
http://dbpedia.org/resource/Lebanon,SL.TLF.ACTI.MA.ZS,6.9887e+01,http://linked.aub.edu.lb/CODEC/Lebanon/observation/social-development-Lebanon-SL.TLF.ACTI.MA.ZS-2009,https://data.humdata.org/dataset/world-bank-social-development-indicators-for-lebanon,The World Bank,http://linked.aub.edu.lb/CODEC/Lebanon/Dataset/social-development-Lebanon,2009
http://dbpedia.org/resource/Lebanon,SL.TLF.ACTI.MA.ZS,7.0195e+01,http://linked.aub.edu.lb/CODEC/Lebanon/observation/social-development-Lebanon-SL.TLF.ACTI.MA.ZS-2010,https://data.humdata.org/dataset/world-bank-social-development-indicators-for-lebanon,The World Bank,http://linked.aub.edu.lb/CODEC/Lebanon/Dataset/social-development-Lebanon,2010
http://dbpedia.org/resource/Lebanon,SL.TLF.ACTI.MA.ZS,7.0509e+01,http://linked.aub.edu.lb/CODEC/Lebanon/observation/social-development-Lebanon-SL.TLF.ACTI.MA.ZS-2011,https://data.humdata.org/dataset/world-bank-social-development-indicators-for-lebanon,The World Bank,http://linked.aub.edu.lb/CODEC/Lebanon/Dataset/social-development-Lebanon,2011
http://dbpedia.org/resource/Lebanon,SL.TLF.ACTI.MA.ZS,7.0834e+01,http://linked.aub.edu.lb/CODEC/Lebanon/observation/social-development-Lebanon-SL.TLF.ACTI.MA.ZS-2012,https://data.humdata.org/dataset/world-bank-social-development-indicators-for-lebanon,The World Bank,http://linked.aub.edu.lb/CODEC/Lebanon/Dataset/social-development-Lebanon,2012
http://dbpedia.org/resource/Lebanon,SL.TLF.ACTI.MA.ZS,7.1174e+01,http://linked.aub.edu.lb/CODEC/Lebanon/observation/social-development-Lebanon-SL.TLF.ACTI.MA.ZS-2013,https://data.humdata.org/dataset/world-bank-social-development-indicators-for-lebanon,The World Bank,http://linked.aub.edu.lb/CODEC/Lebanon/Dataset/social-development-Lebanon,2013
http://dbpedia.org/resource/Lebanon,SL.TLF.ACTI.MA.ZS,7.1527e+01,http://linked.aub.edu.lb/CODEC/Lebanon/observation/social-development-Lebanon-SL.TLF.ACTI.MA.ZS-2014,https://data.humdata.org/dataset/world-bank-social-development-indicators-for-lebanon,The World Bank,http://linked.aub.edu.lb/CODEC/Lebanon/Dataset/social-development-Lebanon,2014
http://dbpedia.org/resource/Lebanon,SL.TLF.ACTI.MA.ZS,7.2166e+01,http://linked.aub.edu.lb/CODEC/Lebanon/observation/social-development-Lebanon-SL.TLF.ACTI.MA.ZS-2015,https://data.humdata.org/dataset/world-bank-social-development-indicators-for-lebanon,The World Bank,http://linked.aub.edu.lb/CODEC/Lebanon/Dataset/social-development-Lebanon,2015
http://dbpedia.org/resource/Lebanon,SL.TLF.ACTI.MA.ZS,7.3116e+01,http://linked.aub.edu.lb/CODEC/Lebanon/observation/social-development-Lebanon-SL.TLF.ACTI.MA.ZS-2016,https://data.humdata.org/dataset/world-bank-social-development-indicators-for-lebanon,The World Bank,http://linked.aub.edu.lb/CODEC/Lebanon/Dataset/social-development-Lebanon,2016
http://dbpedia.org/resource/Lebanon,SL.TLF.ACTI.MA.ZS,7.4092e+01,http://linked.aub.edu.lb/CODEC/Lebanon/observation/social-development-Lebanon-SL.TLF.ACTI.MA.ZS-2017,https://data.humdata.org/dataset/world-bank-social-development-indicators-for-lebanon,The World Bank,http://linked.aub.edu.lb/CODEC/Lebanon/Dataset/social-development-Lebanon,2017
http://dbpedia.org/resource/Lebanon,SL.TLF.ACTI.MA.ZS,7.5077e+01,http://linked.aub.edu.lb/CODEC/Lebanon/observation/social-development-Lebanon-SL.TLF.ACTI.MA.ZS-2018,https://data.humdata.org/dataset/world-bank-social-development-indicators-for-lebanon,The World Bank,http://linked.aub.edu.lb/CODEC/Lebanon/Dataset/social-development-Lebanon,2018
http://dbpedia.org/resource/Lebanon,SL.TLF.ACTI.MA.ZS,7.6058e+01,http://linked.aub.edu.lb/CODEC/Lebanon/observation/social-development-Lebanon-SL.TLF.ACTI.MA.ZS-2019,https://data.humdata.org/dataset/world-bank-social-development-indicators-for-lebanon,The World Bank,http://linked.aub.edu.lb/CODEC/Lebanon/Dataset/social-development-Lebanon,2019
http://dbpedia.org/resource/Lebanon,SL.TLF.ACTI.MA.ZS,6.9957e+01,http://linked.aub.edu.lb/CODEC/Lebanon/observation/social-development-Lebanon-SL.TLF.ACTI.MA.ZS-2020,https://data.humdata.org/dataset/world-bank-social-development-indicators-for-lebanon,The World Bank,http://linked.aub.edu.lb/CODEC/Lebanon/Dataset/social-development-Lebanon,2020
http://dbpedia.org/resource/Lebanon,SL.TLF.ACTI.MA.ZS,7.1741e+01,http://linked.aub.edu.lb/CODEC/Lebanon/observation/social-development-Lebanon-SL.TLF.ACTI.MA.ZS-2021,https://data.humdata.org/dataset/world-bank-social-development-indicators-for-lebanon,The World Bank,http://linked.aub.edu.lb/CODEC/Lebanon/Dataset/social-development-Lebanon,2021
http://dbpedia.org/resource/Lebanon,SL.TLF.ACTI.ZS,4.5882e+01,http://linked.aub.edu.lb/CODEC/Lebanon/observation/social-development-Lebanon-SL.TLF.ACTI.ZS-1990,https://data.humdata.org/dataset/world-bank-social-development-indicators-for-lebanon,The World Bank,http://linked.aub.edu.lb/CODEC/Lebanon/Dataset/social-development-Lebanon,1990
http://dbpedia.org/resource/Lebanon,SL.TLF.ACTI.ZS,4.6076e+01,http://linked.aub.edu.lb/CODEC/Lebanon/observation/social-development-Lebanon-SL.TLF.ACTI.ZS-1991,https://data.humdata.org/dataset/world-bank-social-development-indicators-for-lebanon,The World Bank,http://linked.aub.edu.lb/CODEC/Lebanon/Dataset/social-development-Lebanon,1991
http://dbpedia.org/resource/Lebanon,SL.TLF.ACTI.ZS,4.5893e+01,http://linked.aub.edu.lb/CODEC/Lebanon/observation/social-development-Lebanon-SL.TLF.ACTI.ZS-1992,https://data.humdata.org/dataset/world-bank-social-development-indicators-for-lebanon,The World Bank,http://linked.aub.edu.lb/CODEC/Lebanon/Dataset/social-development-Lebanon,1992
http://dbpedia.org/resource/Lebanon,SL.TLF.ACTI.ZS,4.5916e+01,http://linked.aub.edu.lb/CODEC/Lebanon/observation/social-development-Lebanon-SL.TLF.ACTI.ZS-1993,https://data.humdata.org/dataset/world-bank-social-development-indicators-for-lebanon,The World Bank,http://linked.aub.edu.lb/CODEC/Lebanon/Dataset/social-development-Lebanon,1993
http://dbpedia.org/resource/Lebanon,SL.TLF.ACTI.ZS,4.5994e+01,http://linked.aub.edu.lb/CODEC/Lebanon/observation/social-development-Lebanon-SL.TLF.ACTI.ZS-1994,https://data.humdata.org/dataset/world-bank-social-development-indicators-for-lebanon,The World Bank,http://linked.aub.edu.lb/CODEC/Lebanon/Dataset/social-development-Lebanon,1994
http://dbpedia.org/resource/Lebanon,SL.TLF.ACTI.ZS,4.6085e+01,http://linked.aub.edu.lb/CODEC/Lebanon/observation/social-development-Lebanon-SL.TLF.ACTI.ZS-1995,https://data.humdata.org/dataset/world-bank-social-development-indicators-for-lebanon,The World Bank,http://linked.aub.edu.lb/CODEC/Lebanon/Dataset/social-development-Lebanon,1995
http://dbpedia.org/resource/Lebanon,SL.TLF.ACTI.ZS,4.5803e+01,http://linked.aub.edu.lb/CODEC/Lebanon/observation/social-development-Lebanon-SL.TLF.ACTI.ZS-1996,https://data.humdata.org/dataset/world-bank-social-development-indicators-for-lebanon,The World Bank,http://linked.aub.edu.lb/CODEC/Lebanon/Dataset/social-development-Lebanon,1996
http://dbpedia.org/resource/Lebanon,SL.TLF.ACTI.ZS,4.5904e+01,http://linked.aub.edu.lb/CODEC/Lebanon/observation/social-development-Lebanon-SL.TLF.ACTI.ZS-1997,https://data.humdata.org/dataset/world-bank-social-development-indicators-for-lebanon,The World Bank,http://linked.aub.edu.lb/CODEC/Lebanon/Dataset/social-development-Lebanon,1997
http://dbpedia.org/resource/Lebanon,SL.TLF.ACTI.ZS,4.5895e+01,http://linked.aub.edu.lb/CODEC/Lebanon/observation/social-development-Lebanon-SL.TLF.ACTI.ZS-1998,https://data.humdata.org/dataset/world-bank-social-development-indicators-for-lebanon,The World Bank,http://linked.aub.edu.lb/CODEC/Lebanon/Dataset/social-development-Lebanon,1998
http://dbpedia.org/resource/Lebanon,SL.TLF.ACTI.ZS,4.6083e+01,http://linked.aub.edu.lb/CODEC/Lebanon/observation/social-development-Lebanon-SL.TLF.ACTI.ZS-1999,https://data.humdata.org/dataset/world-bank-social-development-indicators-for-lebanon,The World Bank,http://linked.aub.edu.lb/CODEC/Lebanon/Dataset/social-development-Lebanon,1999
http://dbpedia.org/resource/Lebanon,SL.TLF.ACTI.ZS,4.6224e+01,http://linked.aub.edu.lb/CODEC/Lebanon/observation/social-development-Lebanon-SL.TLF.ACTI.ZS-2000,https://data.humdata.org/dataset/world-bank-social-development-indicators-for-lebanon,The World Bank,http://linked.aub.edu.lb/CODEC/Lebanon/Dataset/social-development-Lebanon,2000
http://dbpedia.org/resource/Lebanon,SL.TLF.ACTI.ZS,4.6219e+01,http://linked.aub.edu.lb/CODEC/Lebanon/observation/social-development-Lebanon-SL.TLF.ACTI.ZS-2001,https://data.humdata.org/dataset/world-bank-social-development-indicators-for-lebanon,The World Bank,http://linked.aub.edu.lb/CODEC/Lebanon/Dataset/social-development-Lebanon,2001
http://dbpedia.org/resource/Lebanon,SL.TLF.ACTI.ZS,4.6293e+01,http://linked.aub.edu.lb/CODEC/Lebanon/observation/social-development-Lebanon-SL.TLF.ACTI.ZS-2002,https://data.humdata.org/dataset/world-bank-social-development-indicators-for-lebanon,The World Bank,http://linked.aub.edu.lb/CODEC/Lebanon/Dataset/social-development-Lebanon,2002
http://dbpedia.org/resource/Lebanon,SL.TLF.ACTI.ZS,4.6404e+01,http://linked.aub.edu.lb/CODEC/Lebanon/observation/social-development-Lebanon-SL.TLF.ACTI.ZS-2003,https://data.humdata.org/dataset/world-bank-social-development-indicators-for-lebanon,The World Bank,http://linked.aub.edu.lb/CODEC/Lebanon/Dataset/social-development-Lebanon,2003
http://dbpedia.org/resource/Lebanon,SL.TLF.ACTI.ZS,4.6382e+01,http://linked.aub.edu.lb/CODEC/Lebanon/observation/social-development-Lebanon-SL.TLF.ACTI.ZS-2004,https://data.humdata.org/dataset/world-bank-social-development-indicators-for-lebanon,The World Bank,http://linked.aub.edu.lb/CODEC/Lebanon/Dataset/social-development-Lebanon,2004
http://dbpedia.org/resource/Lebanon,SL.TLF.ACTI.ZS,4.6251e+01,http://linked.aub.edu.lb/CODEC/Lebanon/observation/social-development-Lebanon-SL.TLF.ACTI.ZS-2005,https://data.humdata.org/dataset/world-bank-social-development-indicators-for-lebanon,The World Bank,http://linked.aub.edu.lb/CODEC/Lebanon/Dataset/social-development-Lebanon,2005
http://dbpedia.org/resource/Lebanon,SL.TLF.ACTI.ZS,4.6117e+01,http://linked.aub.edu.lb/CODEC/Lebanon/observation/social-development-Lebanon-SL.TLF.ACTI.ZS-2006,https://data.humdata.org/dataset/world-bank-social-development-indicators-for-lebanon,The World Bank,http://linked.aub.edu.lb/CODEC/Lebanon/Dataset/social-development-Lebanon,2006
http://dbpedia.org/resource/Lebanon,SL.TLF.ACTI.ZS,4.5982e+01,http://linked.aub.edu.lb/CODEC/Lebanon/observation/social-development-Lebanon-SL.TLF.ACTI.ZS-2007,https://data.humdata.org/dataset/world-bank-social-development-indicators-for-lebanon,The World Bank,http://linked.aub.edu.lb/CODEC/Lebanon/Dataset/social-development-Lebanon,2007
http://dbpedia.org/resource/Lebanon,SL.TLF.ACTI.ZS,4.6497e+01,http://linked.aub.edu.lb/CODEC/Lebanon/observation/social-development-Lebanon-SL.TLF.ACTI.ZS-2008,https://data.humdata.org/dataset/world-bank-social-development-indicators-for-lebanon,The World Bank,http://linked.aub.edu.lb/CODEC/Lebanon/Dataset/social-development-Lebanon,2008
http://dbpedia.org/resource/Lebanon,SL.TLF.ACTI.ZS,4.7017e+01,http://linked.aub.edu.lb/CODEC/Lebanon/observation/social-development-Lebanon-SL.TLF.ACTI.ZS-2009,https://data.humdata.org/dataset/world-bank-social-development-indicators-for-lebanon,The World Bank,http://linked.aub.edu.lb/CODEC/Lebanon/Dataset/social-development-Lebanon,2009
http://dbpedia.org/resource/Lebanon,SL.TLF.ACTI.ZS,4.7546e+01,http://linked.aub.edu.lb/CODEC/Lebanon/observation/social-development-Lebanon-SL.TLF.ACTI.ZS-2010,https://data.humdata.org/dataset/world-bank-social-development-indicators-for-lebanon,The World Bank,http://linked.aub.edu.lb/CODEC/Lebanon/Dataset/social-development-Lebanon,2010
http://dbpedia.org/resource/Lebanon,SL.TLF.ACTI.ZS,4.8084e+01,http://linked.aub.edu.lb/CODEC/Lebanon/observation/social-development-Lebanon-SL.TLF.ACTI.ZS-2011,https://data.humdata.org/dataset/world-bank-social-development-indicators-for-lebanon,The World Bank,http://linked.aub.edu.lb/CODEC/Lebanon/Dataset/social-development-Lebanon,2011
http://dbpedia.org/resource/Lebanon,SL.TLF.ACTI.ZS,4.8634e+01,http://linked.aub.edu.lb/CODEC/Lebanon/observation/social-development-Lebanon-SL.TLF.ACTI.ZS-2012,https://data.humdata.org/dataset/world-bank-social-development-indicators-for-lebanon,The World Bank,http://linked.aub.edu.lb/CODEC/Lebanon/Dataset/social-development-Lebanon,2012
http://dbpedia.org/resource/Lebanon,SL.TLF.ACTI.ZS,4.92e+01,http://linked.aub.edu.lb/CODEC/Lebanon/observation/social-development-Lebanon-SL.TLF.ACTI.ZS-2013,https://data.humdata.org/dataset/world-bank-social-development-indicators-for-lebanon,The World Bank,http://linked.aub.edu.lb/CODEC/Lebanon/Dataset/social-development-Lebanon,2013
http://dbpedia.org/resource/Lebanon,SL.TLF.ACTI.ZS,4.9781e+01,http://linked.aub.edu.lb/CODEC/Lebanon/observation/social-development-Lebanon-SL.TLF.ACTI.ZS-2014,https://data.humdata.org/dataset/world-bank-social-development-indicators-for-lebanon,The World Bank,http://linked.aub.edu.lb/CODEC/Lebanon/Dataset/social-development-Lebanon,2014
http://dbpedia.org/resource/Lebanon,SL.TLF.ACTI.ZS,5.0486e+01,http://linked.aub.edu.lb/CODEC/Lebanon/observation/social-development-Lebanon-SL.TLF.ACTI.ZS-2015,https://data.humdata.org/dataset/world-bank-social-development-indicators-for-lebanon,The World Bank,http://linked.aub.edu.lb/CODEC/Lebanon/Dataset/social-development-Lebanon,2015
http://dbpedia.org/resource/Lebanon,SL.TLF.ACTI.ZS,5.132e+01,http://linked.aub.edu.lb/CODEC/Lebanon/observation/social-development-Lebanon-SL.TLF.ACTI.ZS-2016,https://data.humdata.org/dataset/world-bank-social-development-indicators-for-lebanon,The World Bank,http://linked.aub.edu.lb/CODEC/Lebanon/Dataset/social-development-Lebanon,2016
http://dbpedia.org/resource/Lebanon,SL.TLF.ACTI.ZS,5.2157e+01,http://linked.aub.edu.lb/CODEC/Lebanon/observation/social-development-Lebanon-SL.TLF.ACTI.ZS-2017,https://data.humdata.org/dataset/world-bank-social-development-indicators-for-lebanon,The World Bank,http://linked.aub.edu.lb/CODEC/Lebanon/Dataset/social-development-Lebanon,2017
http://dbpedia.org/resource/Lebanon,SL.TLF.ACTI.ZS,5.2982e+01,http://linked.aub.edu.lb/CODEC/Lebanon/observation/social-development-Lebanon-SL.TLF.ACTI.ZS-2018,https://data.humdata.org/dataset/world-bank-social-development-indicators-for-lebanon,The World Bank,http://linked.aub.edu.lb/CODEC/Lebanon/Dataset/social-development-Lebanon,2018
http://dbpedia.org/resource/Lebanon,SL.TLF.ACTI.ZS,5.3787e+01,http://linked.aub.edu.lb/CODEC/Lebanon/observation/social-development-Lebanon-SL.TLF.ACTI.ZS-2019,https://data.humdata.org/dataset/world-bank-social-development-indicators-for-lebanon,The World Bank,http://linked.aub.edu.lb/CODEC/Lebanon/Dataset/social-development-Lebanon,2019
http://dbpedia.org/resource/Lebanon,SL.TLF.ACTI.ZS,4.9252e+01,http://linked.aub.edu.lb/CODEC/Lebanon/observation/social-development-Lebanon-SL.TLF.ACTI.ZS-2020,https://data.humdata.org/dataset/world-bank-social-development-indicators-for-lebanon,The World Bank,http://linked.aub.edu.lb/CODEC/Lebanon/Dataset/social-development-Lebanon,2020
http://dbpedia.org/resource/Lebanon,SL.TLF.ACTI.ZS,5.0857e+01,http://linked.aub.edu.lb/CODEC/Lebanon/observation/social-development-Lebanon-SL.TLF.ACTI.ZS-2021,https://data.humdata.org/dataset/world-bank-social-development-indicators-for-lebanon,The World Bank,http://linked.aub.edu.lb/CODEC/Lebanon/Dataset/social-development-Lebanon,2021
http://dbpedia.org/resource/Lebanon,SL.TLF.CACT.FE.ZS,1.8776e+01,http://linked.aub.edu.lb/CODEC/Lebanon/observation/social-development-Lebanon-SL.TLF.CACT.FE.ZS-1990,https://data.humdata.org/dataset/world-bank-social-development-indicators-for-lebanon,The World Bank,http://linked.aub.edu.lb/CODEC/Lebanon/Dataset/social-development-Lebanon,1990
http://dbpedia.org/resource/Lebanon,SL.TLF.CACT.FE.ZS,1.9088e+01,http://linked.aub.edu.lb/CODEC/Lebanon/observation/social-development-Lebanon-SL.TLF.CACT.FE.ZS-1991,https://data.humdata.org/dataset/world-bank-social-development-indicators-for-lebanon,The World Bank,http://linked.aub.edu.lb/CODEC/Lebanon/Dataset/social-development-Lebanon,1991
http://dbpedia.org/resource/Lebanon,SL.TLF.CACT.FE.ZS,1.9334e+01,http://linked.aub.edu.lb/CODEC/Lebanon/observation/social-development-Lebanon-SL.TLF.CACT.FE.ZS-1992,https://data.humdata.org/dataset/world-bank-social-development-indicators-for-lebanon,The World Bank,http://linked.aub.edu.lb/CODEC/Lebanon/Dataset/social-development-Lebanon,1992
http://dbpedia.org/resource/Lebanon,SL.TLF.CACT.FE.ZS,1.9558e+01,http://linked.aub.edu.lb/CODEC/Lebanon/observation/social-development-Lebanon-SL.TLF.CACT.FE.ZS-1993,https://data.humdata.org/dataset/world-bank-social-development-indicators-for-lebanon,The World Bank,http://linked.aub.edu.lb/CODEC/Lebanon/Dataset/social-development-Lebanon,1993
http://dbpedia.org/resource/Lebanon,SL.TLF.CACT.FE.ZS,1.9764e+01,http://linked.aub.edu.lb/CODEC/Lebanon/observation/social-development-Lebanon-SL.TLF.CACT.FE.ZS-1994,https://data.humdata.org/dataset/world-bank-social-development-indicators-for-lebanon,The World Bank,http://linked.aub.edu.lb/CODEC/Lebanon/Dataset/social-development-Lebanon,1994
http://dbpedia.org/resource/Lebanon,SL.TLF.CACT.FE.ZS,1.9969e+01,http://linked.aub.edu.lb/CODEC/Lebanon/observation/social-development-Lebanon-SL.TLF.CACT.FE.ZS-1995,https://data.humdata.org/dataset/world-bank-social-development-indicators-for-lebanon,The World Bank,http://linked.aub.edu.lb/CODEC/Lebanon/Dataset/social-development-Lebanon,1995
http://dbpedia.org/resource/Lebanon,SL.TLF.CACT.FE.ZS,1.9988e+01,http://linked.aub.edu.lb/CODEC/Lebanon/observation/social-development-Lebanon-SL.TLF.CACT.FE.ZS-1996,https://data.humdata.org/dataset/world-bank-social-development-indicators-for-lebanon,The World Bank,http://linked.aub.edu.lb/CODEC/Lebanon/Dataset/social-development-Lebanon,1996
http://dbpedia.org/resource/Lebanon,SL.TLF.CACT.FE.ZS,2.0052e+01,http://linked.aub.edu.lb/CODEC/Lebanon/observation/social-development-Lebanon-SL.TLF.CACT.FE.ZS-1997,https://data.humdata.org/dataset/world-bank-social-development-indicators-for-lebanon,The World Bank,http://linked.aub.edu.lb/CODEC/Lebanon/Dataset/social-development-Lebanon,1997
http://dbpedia.org/resource/Lebanon,SL.TLF.CACT.FE.ZS,2.0135e+01,http://linked.aub.edu.lb/CODEC/Lebanon/observation/social-development-Lebanon-SL.TLF.CACT.FE.ZS-1998,https://data.humdata.org/dataset/world-bank-social-development-indicators-for-lebanon,The World Bank,http://linked.aub.edu.lb/CODEC/Lebanon/Dataset/social-development-Lebanon,1998
http://dbpedia.org/resource/Lebanon,SL.TLF.CACT.FE.ZS,2.0233e+01,http://linked.aub.edu.lb/CODEC/Lebanon/observation/social-development-Lebanon-SL.TLF.CACT.FE.ZS-1999,https://data.humdata.org/dataset/world-bank-social-development-indicators-for-lebanon,The World Bank,http://linked.aub.edu.lb/CODEC/Lebanon/Dataset/social-development-Lebanon,1999
http://dbpedia.org/resource/Lebanon,SL.TLF.CACT.FE.ZS,2.0315e+01,http://linked.aub.edu.lb/CODEC/Lebanon/observation/social-development-Lebanon-SL.TLF.CACT.FE.ZS-2000,https://data.humdata.org/dataset/world-bank-social-development-indicators-for-lebanon,The World Bank,http://linked.aub.edu.lb/CODEC/Lebanon/Dataset/social-development-Lebanon,2000
http://dbpedia.org/resource/Lebanon,SL.TLF.CACT.FE.ZS,2.026e+01,http://linked.aub.edu.lb/CODEC/Lebanon/observation/social-development-Lebanon-SL.TLF.CACT.FE.ZS-2001,https://data.humdata.org/dataset/world-bank-social-development-indicators-for-lebanon,The World Bank,http://linked.aub.edu.lb/CODEC/Lebanon/Dataset/social-development-Lebanon,2001
http://dbpedia.org/resource/Lebanon,SL.TLF.CACT.FE.ZS,2.0243e+01,http://linked.aub.edu.lb/CODEC/Lebanon/observation/social-development-Lebanon-SL.TLF.CACT.FE.ZS-2002,https://data.humdata.org/dataset/world-bank-social-development-indicators-for-lebanon,The World Bank,http://linked.aub.edu.lb/CODEC/Lebanon/Dataset/social-development-Lebanon,2002
http://dbpedia.org/resource/Lebanon,SL.TLF.CACT.FE.ZS,2.026e+01,http://linked.aub.edu.lb/CODEC/Lebanon/observation/social-development-Lebanon-SL.TLF.CACT.FE.ZS-2003,https://data.humdata.org/dataset/world-bank-social-development-indicators-for-lebanon,The World Bank,http://linked.aub.edu.lb/CODEC/Lebanon/Dataset/social-development-Lebanon,2003
http://dbpedia.org/resource/Lebanon,SL.TLF.CACT.FE.ZS,2.0326e+01,http://linked.aub.edu.lb/CODEC/Lebanon/observation/social-development-Lebanon-SL.TLF.CACT.FE.ZS-2004,https://data.humdata.org/dataset/world-bank-social-development-indicators-for-lebanon,The World Bank,http://linked.aub.edu.lb/CODEC/Lebanon/Dataset/social-development-Lebanon,2004
http://dbpedia.org/resource/Lebanon,SL.TLF.CACT.FE.ZS,2.0554e+01,http://linked.aub.edu.lb/CODEC/Lebanon/observation/social-development-Lebanon-SL.TLF.CACT.FE.ZS-2005,https://data.humdata.org/dataset/world-bank-social-development-indicators-for-lebanon,The World Bank,http://linked.aub.edu.lb/CODEC/Lebanon/Dataset/social-development-Lebanon,2005
http://dbpedia.org/resource/Lebanon,SL.TLF.CACT.FE.ZS,2.0789e+01,http://linked.aub.edu.lb/CODEC/Lebanon/observation/social-development-Lebanon-SL.TLF.CACT.FE.ZS-2006,https://data.humdata.org/dataset/world-bank-social-development-indicators-for-lebanon,The World Bank,http://linked.aub.edu.lb/CODEC/Lebanon/Dataset/social-development-Lebanon,2006
http://dbpedia.org/resource/Lebanon,SL.TLF.CACT.FE.ZS,2.1027e+01,http://linked.aub.edu.lb/CODEC/Lebanon/observation/social-development-Lebanon-SL.TLF.CACT.FE.ZS-2007,https://data.humdata.org/dataset/world-bank-social-development-indicators-for-lebanon,The World Bank,http://linked.aub.edu.lb/CODEC/Lebanon/Dataset/social-development-Lebanon,2007
http://dbpedia.org/resource/Lebanon,SL.TLF.CACT.FE.ZS,2.1627e+01,http://linked.aub.edu.lb/CODEC/Lebanon/observation/social-development-Lebanon-SL.TLF.CACT.FE.ZS-2008,https://data.humdata.org/dataset/world-bank-social-development-indicators-for-lebanon,The World Bank,http://linked.aub.edu.lb/CODEC/Lebanon/Dataset/social-development-Lebanon,2008
http://dbpedia.org/resource/Lebanon,SL.TLF.CACT.FE.ZS,2.2237e+01,http://linked.aub.edu.lb/CODEC/Lebanon/observation/social-development-Lebanon-SL.TLF.CACT.FE.ZS-2009,https://data.humdata.org/dataset/world-bank-social-development-indicators-for-lebanon,The World Bank,http://linked.aub.edu.lb/CODEC/Lebanon/Dataset/social-development-Lebanon,2009
http://dbpedia.org/resource/Lebanon,SL.TLF.CACT.FE.ZS,2.2857e+01,http://linked.aub.edu.lb/CODEC/Lebanon/observation/social-development-Lebanon-SL.TLF.CACT.FE.ZS-2010,https://data.humdata.org/dataset/world-bank-social-development-indicators-for-lebanon,The World Bank,http://linked.aub.edu.lb/CODEC/Lebanon/Dataset/social-development-Lebanon,2010
http://dbpedia.org/resource/Lebanon,SL.TLF.CACT.FE.ZS,2.3486e+01,http://linked.aub.edu.lb/CODEC/Lebanon/observation/social-development-Lebanon-SL.TLF.CACT.FE.ZS-2011,https://data.humdata.org/dataset/world-bank-social-development-indicators-for-lebanon,The World Bank,http://linked.aub.edu.lb/CODEC/Lebanon/Dataset/social-development-Lebanon,2011
http://dbpedia.org/resource/Lebanon,SL.TLF.CACT.FE.ZS,2.4126e+01,http://linked.aub.edu.lb/CODEC/Lebanon/observation/social-development-Lebanon-SL.TLF.CACT.FE.ZS-2012,https://data.humdata.org/dataset/world-bank-social-development-indicators-for-lebanon,The World Bank,http://linked.aub.edu.lb/CODEC/Lebanon/Dataset/social-development-Lebanon,2012
http://dbpedia.org/resource/Lebanon,SL.TLF.CACT.FE.ZS,2.4776e+01,http://linked.aub.edu.lb/CODEC/Lebanon/observation/social-development-Lebanon-SL.TLF.CACT.FE.ZS-2013,https://data.humdata.org/dataset/world-bank-social-development-indicators-for-lebanon,The World Bank,http://linked.aub.edu.lb/CODEC/Lebanon/Dataset/social-development-Lebanon,2013
http://dbpedia.org/resource/Lebanon,SL.TLF.CACT.FE.ZS,2.5436e+01,http://linked.aub.edu.lb/CODEC/Lebanon/observation/social-development-Lebanon-SL.TLF.CACT.FE.ZS-2014,https://data.humdata.org/dataset/world-bank-social-development-indicators-for-lebanon,The World Bank,http://linked.aub.edu.lb/CODEC/Lebanon/Dataset/social-development-Lebanon,2014
http://dbpedia.org/resource/Lebanon,SL.TLF.CACT.FE.ZS,2.6147e+01,http://linked.aub.edu.lb/CODEC/Lebanon/observation/social-development-Lebanon-SL.TLF.CACT.FE.ZS-2015,https://data.humdata.org/dataset/world-bank-social-development-indicators-for-lebanon,The World Bank,http://linked.aub.edu.lb/CODEC/Lebanon/Dataset/social-development-Lebanon,2015
http://dbpedia.org/resource/Lebanon,SL.TLF.CACT.FE.ZS,2.6913e+01,http://linked.aub.edu.lb/CODEC/Lebanon/observation/social-development-Lebanon-SL.TLF.CACT.FE.ZS-2016,https://data.humdata.org/dataset/world-bank-social-development-indicators-for-lebanon,The World Bank,http://linked.aub.edu.lb/CODEC/Lebanon/Dataset/social-development-Lebanon,2016
http://dbpedia.org/resource/Lebanon,SL.TLF.CACT.FE.ZS,2.7694e+01,http://linked.aub.edu.lb/CODEC/Lebanon/observation/social-development-Lebanon-SL.TLF.CACT.FE.ZS-2017,https://data.humdata.org/dataset/world-bank-social-development-indicators-for-lebanon,The World Bank,http://linked.aub.edu.lb/CODEC/Lebanon/Dataset/social-development-Lebanon,2017
http://dbpedia.org/resource/Lebanon,SL.TLF.CACT.FE.ZS,2.8489e+01,http://linked.aub.edu.lb/CODEC/Lebanon/observation/social-development-Lebanon-SL.TLF.CACT.FE.ZS-2018,https://data.humdata.org/dataset/world-bank-social-development-indicators-for-lebanon,The World Bank,http://linked.aub.edu.lb/CODEC/Lebanon/Dataset/social-development-Lebanon,2018
http://dbpedia.org/resource/Lebanon,SL.TLF.CACT.FE.ZS,2.9298e+01,http://linked.aub.edu.lb/CODEC/Lebanon/observation/social-development-Lebanon-SL.TLF.CACT.FE.ZS-2019,https://data.humdata.org/dataset/world-bank-social-development-indicators-for-lebanon,The World Bank,http://linked.aub.edu.lb/CODEC/Lebanon/Dataset/social-development-Lebanon,2019
http://dbpedia.org/resource/Lebanon,SL.TLF.CACT.FE.ZS,2.6614e+01,http://linked.aub.edu.lb/CODEC/Lebanon/observation/social-development-Lebanon-SL.TLF.CACT.FE.ZS-2020,https://data.humdata.org/dataset/world-bank-social-development-indicators-for-lebanon,The World Bank,http://linked.aub.edu.lb/CODEC/Lebanon/Dataset/social-development-Lebanon,2020
http://dbpedia.org/resource/Lebanon,SL.TLF.CACT.FE.ZS,2.7754e+01,http://linked.aub.edu.lb/CODEC/Lebanon/observation/social-development-Lebanon-SL.TLF.CACT.FE.ZS-2021,https://data.humdata.org/dataset/world-bank-social-development-indicators-for-lebanon,The World Bank,http://linked.aub.edu.lb/CODEC/Lebanon/Dataset/social-development-Lebanon,2021
http://dbpedia.org/resource/Lebanon,SL.TLF.CACT.FE.ZS,2.8704e+01,http://linked.aub.edu.lb/CODEC/Lebanon/observation/social-development-Lebanon-SL.TLF.CACT.FE.ZS-2022,https://data.humdata.org/dataset/world-bank-social-development-indicators-for-lebanon,The World Bank,http://linked.aub.edu.lb/CODEC/Lebanon/Dataset/social-development-Lebanon,2022
http://dbpedia.org/resource/Lebanon,SL.TLF.CACT.MA.ZS,7.2069e+01,http://linked.aub.edu.lb/CODEC/Lebanon/observation/social-development-Lebanon-SL.TLF.CACT.MA.ZS-1990,https://data.humdata.org/dataset/world-bank-social-development-indicators-for-lebanon,The World Bank,http://linked.aub.edu.lb/CODEC/Lebanon/Dataset/social-development-Lebanon,1990
http://dbpedia.org/resource/Lebanon,SL.TLF.CACT.MA.ZS,7.1965e+01,http://linked.aub.edu.lb/CODEC/Lebanon/observation/social-development-Lebanon-SL.TLF.CACT.MA.ZS-1991,https://data.humdata.org/dataset/world-bank-social-development-indicators-for-lebanon,The World Bank,http://linked.aub.edu.lb/CODEC/Lebanon/Dataset/social-development-Lebanon,1991
http://dbpedia.org/resource/Lebanon,SL.TLF.CACT.MA.ZS,7.0891e+01,http://linked.aub.edu.lb/CODEC/Lebanon/observation/social-development-Lebanon-SL.TLF.CACT.MA.ZS-1992,https://data.humdata.org/dataset/world-bank-social-development-indicators-for-lebanon,The World Bank,http://linked.aub.edu.lb/CODEC/Lebanon/Dataset/social-development-Lebanon,1992
http://dbpedia.org/resource/Lebanon,SL.TLF.CACT.MA.ZS,7.0388e+01,http://linked.aub.edu.lb/CODEC/Lebanon/observation/social-development-Lebanon-SL.TLF.CACT.MA.ZS-1993,https://data.humdata.org/dataset/world-bank-social-development-indicators-for-lebanon,The World Bank,http://linked.aub.edu.lb/CODEC/Lebanon/Dataset/social-development-Lebanon,1993
http://dbpedia.org/resource/Lebanon,SL.TLF.CACT.MA.ZS,7.0063e+01,http://linked.aub.edu.lb/CODEC/Lebanon/observation/social-development-Lebanon-SL.TLF.CACT.MA.ZS-1994,https://data.humdata.org/dataset/world-bank-social-development-indicators-for-lebanon,The World Bank,http://linked.aub.edu.lb/CODEC/Lebanon/Dataset/social-development-Lebanon,1994
http://dbpedia.org/resource/Lebanon,SL.TLF.CACT.MA.ZS,6.9778e+01,http://linked.aub.edu.lb/CODEC/Lebanon/observation/social-development-Lebanon-SL.TLF.CACT.MA.ZS-1995,https://data.humdata.org/dataset/world-bank-social-development-indicators-for-lebanon,The World Bank,http://linked.aub.edu.lb/CODEC/Lebanon/Dataset/social-development-Lebanon,1995
http://dbpedia.org/resource/Lebanon,SL.TLF.CACT.MA.ZS,6.8885e+01,http://linked.aub.edu.lb/CODEC/Lebanon/observation/social-development-Lebanon-SL.TLF.CACT.MA.ZS-1996,https://data.humdata.org/dataset/world-bank-social-development-indicators-for-lebanon,The World Bank,http://linked.aub.edu.lb/CODEC/Lebanon/Dataset/social-development-Lebanon,1996
http://dbpedia.org/resource/Lebanon,SL.TLF.CACT.MA.ZS,6.8871e+01,http://linked.aub.edu.lb/CODEC/Lebanon/observation/social-development-Lebanon-SL.TLF.CACT.MA.ZS-1997,https://data.humdata.org/dataset/world-bank-social-development-indicators-for-lebanon,The World Bank,http://linked.aub.edu.lb/CODEC/Lebanon/Dataset/social-development-Lebanon,1997
http://dbpedia.org/resource/Lebanon,SL.TLF.CACT.MA.ZS,6.8574e+01,http://linked.aub.edu.lb/CODEC/Lebanon/observation/social-development-Lebanon-SL.TLF.CACT.MA.ZS-1998,https://data.humdata.org/dataset/world-bank-social-development-indicators-for-lebanon,The World Bank,http://linked.aub.edu.lb/CODEC/Lebanon/Dataset/social-development-Lebanon,1998
http://dbpedia.org/resource/Lebanon,SL.TLF.CACT.MA.ZS,6.8741e+01,http://linked.aub.edu.lb/CODEC/Lebanon/observation/social-development-Lebanon-SL.TLF.CACT.MA.ZS-1999,https://data.humdata.org/dataset/world-bank-social-development-indicators-for-lebanon,The World Bank,http://linked.aub.edu.lb/CODEC/Lebanon/Dataset/social-development-Lebanon,1999
http://dbpedia.org/resource/Lebanon,SL.TLF.CACT.MA.ZS,6.8827e+01,http://linked.aub.edu.lb/CODEC/Lebanon/observation/social-development-Lebanon-SL.TLF.CACT.MA.ZS-2000,https://data.humdata.org/dataset/world-bank-social-development-indicators-for-lebanon,The World Bank,http://linked.aub.edu.lb/CODEC/Lebanon/Dataset/social-development-Lebanon,2000
http://dbpedia.org/resource/Lebanon,SL.TLF.CACT.MA.ZS,6.8775e+01,http://linked.aub.edu.lb/CODEC/Lebanon/observation/social-development-Lebanon-SL.TLF.CACT.MA.ZS-2001,https://data.humdata.org/dataset/world-bank-social-development-indicators-for-lebanon,The World Bank,http://linked.aub.edu.lb/CODEC/Lebanon/Dataset/social-development-Lebanon,2001
http://dbpedia.org/resource/Lebanon,SL.TLF.CACT.MA.ZS,6.8864e+01,http://linked.aub.edu.lb/CODEC/Lebanon/observation/social-development-Lebanon-SL.TLF.CACT.MA.ZS-2002,https://data.humdata.org/dataset/world-bank-social-development-indicators-for-lebanon,The World Bank,http://linked.aub.edu.lb/CODEC/Lebanon/Dataset/social-development-Lebanon,2002
http://dbpedia.org/resource/Lebanon,SL.TLF.CACT.MA.ZS,6.8995e+01,http://linked.aub.edu.lb/CODEC/Lebanon/observation/social-development-Lebanon-SL.TLF.CACT.MA.ZS-2003,https://data.humdata.org/dataset/world-bank-social-development-indicators-for-lebanon,The World Bank,http://linked.aub.edu.lb/CODEC/Lebanon/Dataset/social-development-Lebanon,2003
http://dbpedia.org/resource/Lebanon,SL.TLF.CACT.MA.ZS,6.8733e+01,http://linked.aub.edu.lb/CODEC/Lebanon/observation/social-development-Lebanon-SL.TLF.CACT.MA.ZS-2004,https://data.humdata.org/dataset/world-bank-social-development-indicators-for-lebanon,The World Bank,http://linked.aub.edu.lb/CODEC/Lebanon/Dataset/social-development-Lebanon,2004
http://dbpedia.org/resource/Lebanon,SL.TLF.CACT.MA.ZS,6.8027e+01,http://linked.aub.edu.lb/CODEC/Lebanon/observation/social-development-Lebanon-SL.TLF.CACT.MA.ZS-2005,https://data.humdata.org/dataset/world-bank-social-development-indicators-for-lebanon,The World Bank,http://linked.aub.edu.lb/CODEC/Lebanon/Dataset/social-development-Lebanon,2005
http://dbpedia.org/resource/Lebanon,SL.TLF.CACT.MA.ZS,6.7331e+01,http://linked.aub.edu.lb/CODEC/Lebanon/observation/social-development-Lebanon-SL.TLF.CACT.MA.ZS-2006,https://data.humdata.org/dataset/world-bank-social-development-indicators-for-lebanon,The World Bank,http://linked.aub.edu.lb/CODEC/Lebanon/Dataset/social-development-Lebanon,2006
http://dbpedia.org/resource/Lebanon,SL.TLF.CACT.MA.ZS,6.6637e+01,http://linked.aub.edu.lb/CODEC/Lebanon/observation/social-development-Lebanon-SL.TLF.CACT.MA.ZS-2007,https://data.humdata.org/dataset/world-bank-social-development-indicators-for-lebanon,The World Bank,http://linked.aub.edu.lb/CODEC/Lebanon/Dataset/social-development-Lebanon,2007
http://dbpedia.org/resource/Lebanon,SL.TLF.CACT.MA.ZS,6.6904e+01,http://linked.aub.edu.lb/CODEC/Lebanon/observation/social-development-Lebanon-SL.TLF.CACT.MA.ZS-2008,https://data.humdata.org/dataset/world-bank-social-development-indicators-for-lebanon,The World Bank,http://linked.aub.edu.lb/CODEC/Lebanon/Dataset/social-development-Lebanon,2008
http://dbpedia.org/resource/Lebanon,SL.TLF.CACT.MA.ZS,6.7163e+01,http://linked.aub.edu.lb/CODEC/Lebanon/observation/social-development-Lebanon-SL.TLF.CACT.MA.ZS-2009,https://data.humdata.org/dataset/world-bank-social-development-indicators-for-lebanon,The World Bank,http://linked.aub.edu.lb/CODEC/Lebanon/Dataset/social-development-Lebanon,2009
http://dbpedia.org/resource/Lebanon,SL.TLF.CACT.MA.ZS,6.7414e+01,http://linked.aub.edu.lb/CODEC/Lebanon/observation/social-development-Lebanon-SL.TLF.CACT.MA.ZS-2010,https://data.humdata.org/dataset/world-bank-social-development-indicators-for-lebanon,The World Bank,http://linked.aub.edu.lb/CODEC/Lebanon/Dataset/social-development-Lebanon,2010
http://dbpedia.org/resource/Lebanon,SL.TLF.CACT.MA.ZS,6.7659e+01,http://linked.aub.edu.lb/CODEC/Lebanon/observation/social-development-Lebanon-SL.TLF.CACT.MA.ZS-2011,https://data.humdata.org/dataset/world-bank-social-development-indicators-for-lebanon,The World Bank,http://linked.aub.edu.lb/CODEC/Lebanon/Dataset/social-development-Lebanon,2011
http://dbpedia.org/resource/Lebanon,SL.TLF.CACT.MA.ZS,6.7897e+01,http://linked.aub.edu.lb/CODEC/Lebanon/observation/social-development-Lebanon-SL.TLF.CACT.MA.ZS-2012,https://data.humdata.org/dataset/world-bank-social-development-indicators-for-lebanon,The World Bank,http://linked.aub.edu.lb/CODEC/Lebanon/Dataset/social-development-Lebanon,2012
http://dbpedia.org/resource/Lebanon,SL.TLF.CACT.MA.ZS,6.813e+01,http://linked.aub.edu.lb/CODEC/Lebanon/observation/social-development-Lebanon-SL.TLF.CACT.MA.ZS-2013,https://data.humdata.org/dataset/world-bank-social-development-indicators-for-lebanon,The World Bank,http://linked.aub.edu.lb/CODEC/Lebanon/Dataset/social-development-Lebanon,2013
http://dbpedia.org/resource/Lebanon,SL.TLF.CACT.MA.ZS,6.8358e+01,http://linked.aub.edu.lb/CODEC/Lebanon/observation/social-development-Lebanon-SL.TLF.CACT.MA.ZS-2014,https://data.humdata.org/dataset/world-bank-social-development-indicators-for-lebanon,The World Bank,http://linked.aub.edu.lb/CODEC/Lebanon/Dataset/social-development-Lebanon,2014
http://dbpedia.org/resource/Lebanon,SL.TLF.CACT.MA.ZS,6.869e+01,http://linked.aub.edu.lb/CODEC/Lebanon/observation/social-development-Lebanon-SL.TLF.CACT.MA.ZS-2015,https://data.humdata.org/dataset/world-bank-social-development-indicators-for-lebanon,The World Bank,http://linked.aub.edu.lb/CODEC/Lebanon/Dataset/social-development-Lebanon,2015
http://dbpedia.org/resource/Lebanon,SL.TLF.CACT.MA.ZS,6.9129e+01,http://linked.aub.edu.lb/CODEC/Lebanon/observation/social-development-Lebanon-SL.TLF.CACT.MA.ZS-2016,https://data.humdata.org/dataset/world-bank-social-development-indicators-for-lebanon,The World Bank,http://linked.aub.edu.lb/CODEC/Lebanon/Dataset/social-development-Lebanon,2016
http://dbpedia.org/resource/Lebanon,SL.TLF.CACT.MA.ZS,6.9566e+01,http://linked.aub.edu.lb/CODEC/Lebanon/observation/social-development-Lebanon-SL.TLF.CACT.MA.ZS-2017,https://data.humdata.org/dataset/world-bank-social-development-indicators-for-lebanon,The World Bank,http://linked.aub.edu.lb/CODEC/Lebanon/Dataset/social-development-Lebanon,2017
http://dbpedia.org/resource/Lebanon,SL.TLF.CACT.MA.ZS,7.0001e+01,http://linked.aub.edu.lb/CODEC/Lebanon/observation/social-development-Lebanon-SL.TLF.CACT.MA.ZS-2018,https://data.humdata.org/dataset/world-bank-social-development-indicators-for-lebanon,The World Bank,http://linked.aub.edu.lb/CODEC/Lebanon/Dataset/social-development-Lebanon,2018
http://dbpedia.org/resource/Lebanon,SL.TLF.CACT.MA.ZS,7.0435e+01,http://linked.aub.edu.lb/CODEC/Lebanon/observation/social-development-Lebanon-SL.TLF.CACT.MA.ZS-2019,https://data.humdata.org/dataset/world-bank-social-development-indicators-for-lebanon,The World Bank,http://linked.aub.edu.lb/CODEC/Lebanon/Dataset/social-development-Lebanon,2019
http://dbpedia.org/resource/Lebanon,SL.TLF.CACT.MA.ZS,6.4523e+01,http://linked.aub.edu.lb/CODEC/Lebanon/observation/social-development-Lebanon-SL.TLF.CACT.MA.ZS-2020,https://data.humdata.org/dataset/world-bank-social-development-indicators-for-lebanon,The World Bank,http://linked.aub.edu.lb/CODEC/Lebanon/Dataset/social-development-Lebanon,2020
http://dbpedia.org/resource/Lebanon,SL.TLF.CACT.MA.ZS,6.6084e+01,http://linked.aub.edu.lb/CODEC/Lebanon/observation/social-development-Lebanon-SL.TLF.CACT.MA.ZS-2021,https://data.humdata.org/dataset/world-bank-social-development-indicators-for-lebanon,The World Bank,http://linked.aub.edu.lb/CODEC/Lebanon/Dataset/social-development-Lebanon,2021
http://dbpedia.org/resource/Lebanon,SL.TLF.CACT.MA.ZS,6.6996e+01,http://linked.aub.edu.lb/CODEC/Lebanon/observation/social-development-Lebanon-SL.TLF.CACT.MA.ZS-2022,https://data.humdata.org/dataset/world-bank-social-development-indicators-for-lebanon,The World Bank,http://linked.aub.edu.lb/CODEC/Lebanon/Dataset/social-development-Lebanon,2022
http://dbpedia.org/resource/Lebanon,SL.UEM.TOTL.FE.ZS,1.0969e+01,http://linked.aub.edu.lb/CODEC/Lebanon/observation/social-development-Lebanon-SL.UEM.TOTL.FE.ZS-1991,https://data.humdata.org/dataset/world-bank-social-development-indicators-for-lebanon,The World Bank,http://linked.aub.edu.lb/CODEC/Lebanon/Dataset/social-development-Lebanon,1991
http://dbpedia.org/resource/Lebanon,SL.UEM.TOTL.FE.ZS,1.0935e+01,http://linked.aub.edu.lb/CODEC/Lebanon/observation/social-development-Lebanon-SL.UEM.TOTL.FE.ZS-1992,https://data.humdata.org/dataset/world-bank-social-development-indicators-for-lebanon,The World Bank,http://linked.aub.edu.lb/CODEC/Lebanon/Dataset/social-development-Lebanon,1992
http://dbpedia.org/resource/Lebanon,SL.UEM.TOTL.FE.ZS,1.0895e+01,http://linked.aub.edu.lb/CODEC/Lebanon/observation/social-development-Lebanon-SL.UEM.TOTL.FE.ZS-1993,https://data.humdata.org/dataset/world-bank-social-development-indicators-for-lebanon,The World Bank,http://linked.aub.edu.lb/CODEC/Lebanon/Dataset/social-development-Lebanon,1993
http://dbpedia.org/resource/Lebanon,SL.UEM.TOTL.FE.ZS,1.0879e+01,http://linked.aub.edu.lb/CODEC/Lebanon/observation/social-development-Lebanon-SL.UEM.TOTL.FE.ZS-1994,https://data.humdata.org/dataset/world-bank-social-development-indicators-for-lebanon,The World Bank,http://linked.aub.edu.lb/CODEC/Lebanon/Dataset/social-development-Lebanon,1994
http://dbpedia.org/resource/Lebanon,SL.UEM.TOTL.FE.ZS,1.085e+01,http://linked.aub.edu.lb/CODEC/Lebanon/observation/social-development-Lebanon-SL.UEM.TOTL.FE.ZS-1995,https://data.humdata.org/dataset/world-bank-social-development-indicators-for-lebanon,The World Bank,http://linked.aub.edu.lb/CODEC/Lebanon/Dataset/social-development-Lebanon,1995
http://dbpedia.org/resource/Lebanon,SL.UEM.TOTL.FE.ZS,1.0735e+01,http://linked.aub.edu.lb/CODEC/Lebanon/observation/social-development-Lebanon-SL.UEM.TOTL.FE.ZS-1996,https://data.humdata.org/dataset/world-bank-social-development-indicators-for-lebanon,The World Bank,http://linked.aub.edu.lb/CODEC/Lebanon/Dataset/social-development-Lebanon,1996
http://dbpedia.org/resource/Lebanon,SL.UEM.TOTL.FE.ZS,1.0823e+01,http://linked.aub.edu.lb/CODEC/Lebanon/observation/social-development-Lebanon-SL.UEM.TOTL.FE.ZS-1997,https://data.humdata.org/dataset/world-bank-social-development-indicators-for-lebanon,The World Bank,http://linked.aub.edu.lb/CODEC/Lebanon/Dataset/social-development-Lebanon,1997
http://dbpedia.org/resource/Lebanon,SL.UEM.TOTL.FE.ZS,1.0609e+01,http://linked.aub.edu.lb/CODEC/Lebanon/observation/social-development-Lebanon-SL.UEM.TOTL.FE.ZS-1998,https://data.humdata.org/dataset/world-bank-social-development-indicators-for-lebanon,The World Bank,http://linked.aub.edu.lb/CODEC/Lebanon/Dataset/social-development-Lebanon,1998
http://dbpedia.org/resource/Lebanon,SL.UEM.TOTL.FE.ZS,1.0484e+01,http://linked.aub.edu.lb/CODEC/Lebanon/observation/social-development-Lebanon-SL.UEM.TOTL.FE.ZS-1999,https://data.humdata.org/dataset/world-bank-social-development-indicators-for-lebanon,The World Bank,http://linked.aub.edu.lb/CODEC/Lebanon/Dataset/social-development-Lebanon,1999
http://dbpedia.org/resource/Lebanon,SL.UEM.TOTL.FE.ZS,1.028e+01,http://linked.aub.edu.lb/CODEC/Lebanon/observation/social-development-Lebanon-SL.UEM.TOTL.FE.ZS-2000,https://data.humdata.org/dataset/world-bank-social-development-indicators-for-lebanon,The World Bank,http://linked.aub.edu.lb/CODEC/Lebanon/Dataset/social-development-Lebanon,2000
http://dbpedia.org/resource/Lebanon,SL.UEM.TOTL.FE.ZS,1.0073e+01,http://linked.aub.edu.lb/CODEC/Lebanon/observation/social-development-Lebanon-SL.UEM.TOTL.FE.ZS-2001,https://data.humdata.org/dataset/world-bank-social-development-indicators-for-lebanon,The World Bank,http://linked.aub.edu.lb/CODEC/Lebanon/Dataset/social-development-Lebanon,2001
http://dbpedia.org/resource/Lebanon,SL.UEM.TOTL.FE.ZS,9.902e+00,http://linked.aub.edu.lb/CODEC/Lebanon/observation/social-development-Lebanon-SL.UEM.TOTL.FE.ZS-2002,https://data.humdata.org/dataset/world-bank-social-development-indicators-for-lebanon,The World Bank,http://linked.aub.edu.lb/CODEC/Lebanon/Dataset/social-development-Lebanon,2002
http://dbpedia.org/resource/Lebanon,SL.UEM.TOTL.FE.ZS,9.729e+00,http://linked.aub.edu.lb/CODEC/Lebanon/observation/social-development-Lebanon-SL.UEM.TOTL.FE.ZS-2003,https://data.humdata.org/dataset/world-bank-social-development-indicators-for-lebanon,The World Bank,http://linked.aub.edu.lb/CODEC/Lebanon/Dataset/social-development-Lebanon,2003
http://dbpedia.org/resource/Lebanon,SL.UEM.TOTL.FE.ZS,9.508e+00,http://linked.aub.edu.lb/CODEC/Lebanon/observation/social-development-Lebanon-SL.UEM.TOTL.FE.ZS-2004,https://data.humdata.org/dataset/world-bank-social-development-indicators-for-lebanon,The World Bank,http://linked.aub.edu.lb/CODEC/Lebanon/Dataset/social-development-Lebanon,2004
http://dbpedia.org/resource/Lebanon,SL.UEM.TOTL.FE.ZS,9.777e+00,http://linked.aub.edu.lb/CODEC/Lebanon/observation/social-development-Lebanon-SL.UEM.TOTL.FE.ZS-2005,https://data.humdata.org/dataset/world-bank-social-development-indicators-for-lebanon,The World Bank,http://linked.aub.edu.lb/CODEC/Lebanon/Dataset/social-development-Lebanon,2005
http://dbpedia.org/resource/Lebanon,SL.UEM.TOTL.FE.ZS,1.0013e+01,http://linked.aub.edu.lb/CODEC/Lebanon/observation/social-development-Lebanon-SL.UEM.TOTL.FE.ZS-2006,https://data.humdata.org/dataset/world-bank-social-development-indicators-for-lebanon,The World Bank,http://linked.aub.edu.lb/CODEC/Lebanon/Dataset/social-development-Lebanon,2006
http://dbpedia.org/resource/Lebanon,SL.UEM.TOTL.FE.ZS,1.014e+01,http://linked.aub.edu.lb/CODEC/Lebanon/observation/social-development-Lebanon-SL.UEM.TOTL.FE.ZS-2007,https://data.humdata.org/dataset/world-bank-social-development-indicators-for-lebanon,The World Bank,http://linked.aub.edu.lb/CODEC/Lebanon/Dataset/social-development-Lebanon,2007
http://dbpedia.org/resource/Lebanon,SL.UEM.TOTL.FE.ZS,1.0261e+01,http://linked.aub.edu.lb/CODEC/Lebanon/observation/social-development-Lebanon-SL.UEM.TOTL.FE.ZS-2008,https://data.humdata.org/dataset/world-bank-social-development-indicators-for-lebanon,The World Bank,http://linked.aub.edu.lb/CODEC/Lebanon/Dataset/social-development-Lebanon,2008
http://dbpedia.org/resource/Lebanon,SL.UEM.TOTL.FE.ZS,1.0329e+01,http://linked.aub.edu.lb/CODEC/Lebanon/observation/social-development-Lebanon-SL.UEM.TOTL.FE.ZS-2009,https://data.humdata.org/dataset/world-bank-social-development-indicators-for-lebanon,The World Bank,http://linked.aub.edu.lb/CODEC/Lebanon/Dataset/social-development-Lebanon,2009
http://dbpedia.org/resource/Lebanon,SL.UEM.TOTL.FE.ZS,1.0732e+01,http://linked.aub.edu.lb/CODEC/Lebanon/observation/social-development-Lebanon-SL.UEM.TOTL.FE.ZS-2010,https://data.humdata.org/dataset/world-bank-social-development-indicators-for-lebanon,The World Bank,http://linked.aub.edu.lb/CODEC/Lebanon/Dataset/social-development-Lebanon,2010
http://dbpedia.org/resource/Lebanon,SL.UEM.TOTL.FE.ZS,1.1207e+01,http://linked.aub.edu.lb/CODEC/Lebanon/observation/social-development-Lebanon-SL.UEM.TOTL.FE.ZS-2011,https://data.humdata.org/dataset/world-bank-social-development-indicators-for-lebanon,The World Bank,http://linked.aub.edu.lb/CODEC/Lebanon/Dataset/social-development-Lebanon,2011
http://dbpedia.org/resource/Lebanon,SL.UEM.TOTL.FE.ZS,1.1558e+01,http://linked.aub.edu.lb/CODEC/Lebanon/observation/social-development-Lebanon-SL.UEM.TOTL.FE.ZS-2012,https://data.humdata.org/dataset/world-bank-social-development-indicators-for-lebanon,The World Bank,http://linked.aub.edu.lb/CODEC/Lebanon/Dataset/social-development-Lebanon,2012
http://dbpedia.org/resource/Lebanon,SL.UEM.TOTL.FE.ZS,1.1914e+01,http://linked.aub.edu.lb/CODEC/Lebanon/observation/social-development-Lebanon-SL.UEM.TOTL.FE.ZS-2013,https://data.humdata.org/dataset/world-bank-social-development-indicators-for-lebanon,The World Bank,http://linked.aub.edu.lb/CODEC/Lebanon/Dataset/social-development-Lebanon,2013
http://dbpedia.org/resource/Lebanon,SL.UEM.TOTL.FE.ZS,1.2311e+01,http://linked.aub.edu.lb/CODEC/Lebanon/observation/social-development-Lebanon-SL.UEM.TOTL.FE.ZS-2014,https://data.humdata.org/dataset/world-bank-social-development-indicators-for-lebanon,The World Bank,http://linked.aub.edu.lb/CODEC/Lebanon/Dataset/social-development-Lebanon,2014
http://dbpedia.org/resource/Lebanon,SL.UEM.TOTL.FE.ZS,1.2712e+01,http://linked.aub.edu.lb/CODEC/Lebanon/observation/social-development-Lebanon-SL.UEM.TOTL.FE.ZS-2015,https://data.humdata.org/dataset/world-bank-social-development-indicators-for-lebanon,The World Bank,http://linked.aub.edu.lb/CODEC/Lebanon/Dataset/social-development-Lebanon,2015
http://dbpedia.org/resource/Lebanon,SL.UEM.TOTL.FE.ZS,1.3062e+01,http://linked.aub.edu.lb/CODEC/Lebanon/observation/social-development-Lebanon-SL.UEM.TOTL.FE.ZS-2016,https://data.humdata.org/dataset/world-bank-social-development-indicators-for-lebanon,The World Bank,http://linked.aub.edu.lb/CODEC/Lebanon/Dataset/social-development-Lebanon,2016
http://dbpedia.org/resource/Lebanon,SL.UEM.TOTL.FE.ZS,1.3443e+01,http://linked.aub.edu.lb/CODEC/Lebanon/observation/social-development-Lebanon-SL.UEM.TOTL.FE.ZS-2017,https://data.humdata.org/dataset/world-bank-social-development-indicators-for-lebanon,The World Bank,http://linked.aub.edu.lb/CODEC/Lebanon/Dataset/social-development-Lebanon,2017
http://dbpedia.org/resource/Lebanon,SL.UEM.TOTL.FE.ZS,1.3854e+01,http://linked.aub.edu.lb/CODEC/Lebanon/observation/social-development-Lebanon-SL.UEM.TOTL.FE.ZS-2018,https://data.humdata.org/dataset/world-bank-social-development-indicators-for-lebanon,The World Bank,http://linked.aub.edu.lb/CODEC/Lebanon/Dataset/social-development-Lebanon,2018
http://dbpedia.org/resource/Lebanon,SL.UEM.TOTL.FE.ZS,1.4321e+01,http://linked.aub.edu.lb/CODEC/Lebanon/observation/social-development-Lebanon-SL.UEM.TOTL.FE.ZS-2019,https://data.humdata.org/dataset/world-bank-social-development-indicators-for-lebanon,The World Bank,http://linked.aub.edu.lb/CODEC/Lebanon/Dataset/social-development-Lebanon,2019
http://dbpedia.org/resource/Lebanon,SL.UEM.TOTL.FE.ZS,1.6012e+01,http://linked.aub.edu.lb/CODEC/Lebanon/observation/social-development-Lebanon-SL.UEM.TOTL.FE.ZS-2020,https://data.humdata.org/dataset/world-bank-social-development-indicators-for-lebanon,The World Bank,http://linked.aub.edu.lb/CODEC/Lebanon/Dataset/social-development-Lebanon,2020
http://dbpedia.org/resource/Lebanon,SL.UEM.TOTL.FE.ZS,1.5761e+01,http://linked.aub.edu.lb/CODEC/Lebanon/observation/social-development-Lebanon-SL.UEM.TOTL.FE.ZS-2021,https://data.humdata.org/dataset/world-bank-social-development-indicators-for-lebanon,The World Bank,http://linked.aub.edu.lb/CODEC/Lebanon/Dataset/social-development-Lebanon,2021
http://dbpedia.org/resource/Lebanon,SL.UEM.TOTL.FE.ZS,1.6031e+01,http://linked.aub.edu.lb/CODEC/Lebanon/observation/social-development-Lebanon-SL.UEM.TOTL.FE.ZS-2022,https://data.humdata.org/dataset/world-bank-social-development-indicators-for-lebanon,The World Bank,http://linked.aub.edu.lb/CODEC/Lebanon/Dataset/social-development-Lebanon,2022
http://dbpedia.org/resource/Lebanon,SL.UEM.TOTL.MA.ZS,7.674e+00,http://linked.aub.edu.lb/CODEC/Lebanon/observation/social-development-Lebanon-SL.UEM.TOTL.MA.ZS-1991,https://data.humdata.org/dataset/world-bank-social-development-indicators-for-lebanon,The World Bank,http://linked.aub.edu.lb/CODEC/Lebanon/Dataset/social-development-Lebanon,1991
http://dbpedia.org/resource/Lebanon,SL.UEM.TOTL.MA.ZS,7.707e+00,http://linked.aub.edu.lb/CODEC/Lebanon/observation/social-development-Lebanon-SL.UEM.TOTL.MA.ZS-1992,https://data.humdata.org/dataset/world-bank-social-development-indicators-for-lebanon,The World Bank,http://linked.aub.edu.lb/CODEC/Lebanon/Dataset/social-development-Lebanon,1992
http://dbpedia.org/resource/Lebanon,SL.UEM.TOTL.MA.ZS,7.734e+00,http://linked.aub.edu.lb/CODEC/Lebanon/observation/social-development-Lebanon-SL.UEM.TOTL.MA.ZS-1993,https://data.humdata.org/dataset/world-bank-social-development-indicators-for-lebanon,The World Bank,http://linked.aub.edu.lb/CODEC/Lebanon/Dataset/social-development-Lebanon,1993
http://dbpedia.org/resource/Lebanon,SL.UEM.TOTL.MA.ZS,7.786e+00,http://linked.aub.edu.lb/CODEC/Lebanon/observation/social-development-Lebanon-SL.UEM.TOTL.MA.ZS-1994,https://data.humdata.org/dataset/world-bank-social-development-indicators-for-lebanon,The World Bank,http://linked.aub.edu.lb/CODEC/Lebanon/Dataset/social-development-Lebanon,1994
http://dbpedia.org/resource/Lebanon,SL.UEM.TOTL.MA.ZS,7.825e+00,http://linked.aub.edu.lb/CODEC/Lebanon/observation/social-development-Lebanon-SL.UEM.TOTL.MA.ZS-1995,https://data.humdata.org/dataset/world-bank-social-development-indicators-for-lebanon,The World Bank,http://linked.aub.edu.lb/CODEC/Lebanon/Dataset/social-development-Lebanon,1995
http://dbpedia.org/resource/Lebanon,SL.UEM.TOTL.MA.ZS,7.778e+00,http://linked.aub.edu.lb/CODEC/Lebanon/observation/social-development-Lebanon-SL.UEM.TOTL.MA.ZS-1996,https://data.humdata.org/dataset/world-bank-social-development-indicators-for-lebanon,The World Bank,http://linked.aub.edu.lb/CODEC/Lebanon/Dataset/social-development-Lebanon,1996
http://dbpedia.org/resource/Lebanon,SL.UEM.TOTL.MA.ZS,7.94e+00,http://linked.aub.edu.lb/CODEC/Lebanon/observation/social-development-Lebanon-SL.UEM.TOTL.MA.ZS-1997,https://data.humdata.org/dataset/world-bank-social-development-indicators-for-lebanon,The World Bank,http://linked.aub.edu.lb/CODEC/Lebanon/Dataset/social-development-Lebanon,1997
http://dbpedia.org/resource/Lebanon,SL.UEM.TOTL.MA.ZS,7.83e+00,http://linked.aub.edu.lb/CODEC/Lebanon/observation/social-development-Lebanon-SL.UEM.TOTL.MA.ZS-1998,https://data.humdata.org/dataset/world-bank-social-development-indicators-for-lebanon,The World Bank,http://linked.aub.edu.lb/CODEC/Lebanon/Dataset/social-development-Lebanon,1998
http://dbpedia.org/resource/Lebanon,SL.UEM.TOTL.MA.ZS,7.811e+00,http://linked.aub.edu.lb/CODEC/Lebanon/observation/social-development-Lebanon-SL.UEM.TOTL.MA.ZS-1999,https://data.humdata.org/dataset/world-bank-social-development-indicators-for-lebanon,The World Bank,http://linked.aub.edu.lb/CODEC/Lebanon/Dataset/social-development-Lebanon,1999
http://dbpedia.org/resource/Lebanon,SL.UEM.TOTL.MA.ZS,7.709e+00,http://linked.aub.edu.lb/CODEC/Lebanon/observation/social-development-Lebanon-SL.UEM.TOTL.MA.ZS-2000,https://data.humdata.org/dataset/world-bank-social-development-indicators-for-lebanon,The World Bank,http://linked.aub.edu.lb/CODEC/Lebanon/Dataset/social-development-Lebanon,2000
http://dbpedia.org/resource/Lebanon,SL.UEM.TOTL.MA.ZS,7.602e+00,http://linked.aub.edu.lb/CODEC/Lebanon/observation/social-development-Lebanon-SL.UEM.TOTL.MA.ZS-2001,https://data.humdata.org/dataset/world-bank-social-development-indicators-for-lebanon,The World Bank,http://linked.aub.edu.lb/CODEC/Lebanon/Dataset/social-development-Lebanon,2001
http://dbpedia.org/resource/Lebanon,SL.UEM.TOTL.MA.ZS,7.533e+00,http://linked.aub.edu.lb/CODEC/Lebanon/observation/social-development-Lebanon-SL.UEM.TOTL.MA.ZS-2002,https://data.humdata.org/dataset/world-bank-social-development-indicators-for-lebanon,The World Bank,http://linked.aub.edu.lb/CODEC/Lebanon/Dataset/social-development-Lebanon,2002
http://dbpedia.org/resource/Lebanon,SL.UEM.TOTL.MA.ZS,7.461e+00,http://linked.aub.edu.lb/CODEC/Lebanon/observation/social-development-Lebanon-SL.UEM.TOTL.MA.ZS-2003,https://data.humdata.org/dataset/world-bank-social-development-indicators-for-lebanon,The World Bank,http://linked.aub.edu.lb/CODEC/Lebanon/Dataset/social-development-Lebanon,2003
http://dbpedia.org/resource/Lebanon,SL.UEM.TOTL.MA.ZS,7.339e+00,http://linked.aub.edu.lb/CODEC/Lebanon/observation/social-development-Lebanon-SL.UEM.TOTL.MA.ZS-2004,https://data.humdata.org/dataset/world-bank-social-development-indicators-for-lebanon,The World Bank,http://linked.aub.edu.lb/CODEC/Lebanon/Dataset/social-development-Lebanon,2004
http://dbpedia.org/resource/Lebanon,SL.UEM.TOTL.MA.ZS,7.826e+00,http://linked.aub.edu.lb/CODEC/Lebanon/observation/social-development-Lebanon-SL.UEM.TOTL.MA.ZS-2005,https://data.humdata.org/dataset/world-bank-social-development-indicators-for-lebanon,The World Bank,http://linked.aub.edu.lb/CODEC/Lebanon/Dataset/social-development-Lebanon,2005
http://dbpedia.org/resource/Lebanon,SL.UEM.TOTL.MA.ZS,8.279e+00,http://linked.aub.edu.lb/CODEC/Lebanon/observation/social-development-Lebanon-SL.UEM.TOTL.MA.ZS-2006,https://data.humdata.org/dataset/world-bank-social-development-indicators-for-lebanon,The World Bank,http://linked.aub.edu.lb/CODEC/Lebanon/Dataset/social-development-Lebanon,2006
http://dbpedia.org/resource/Lebanon,SL.UEM.TOTL.MA.ZS,8.6e+00,http://linked.aub.edu.lb/CODEC/Lebanon/observation/social-development-Lebanon-SL.UEM.TOTL.MA.ZS-2007,https://data.humdata.org/dataset/world-bank-social-development-indicators-for-lebanon,The World Bank,http://linked.aub.edu.lb/CODEC/Lebanon/Dataset/social-development-Lebanon,2007
http://dbpedia.org/resource/Lebanon,SL.UEM.TOTL.MA.ZS,6.804e+00,http://linked.aub.edu.lb/CODEC/Lebanon/observation/social-development-Lebanon-SL.UEM.TOTL.MA.ZS-2008,https://data.humdata.org/dataset/world-bank-social-development-indicators-for-lebanon,The World Bank,http://linked.aub.edu.lb/CODEC/Lebanon/Dataset/social-development-Lebanon,2008
http://dbpedia.org/resource/Lebanon,SL.UEM.TOTL.MA.ZS,4.986e+00,http://linked.aub.edu.lb/CODEC/Lebanon/observation/social-development-Lebanon-SL.UEM.TOTL.MA.ZS-2009,https://data.humdata.org/dataset/world-bank-social-development-indicators-for-lebanon,The World Bank,http://linked.aub.edu.lb/CODEC/Lebanon/Dataset/social-development-Lebanon,2009
http://dbpedia.org/resource/Lebanon,SL.UEM.TOTL.MA.ZS,5.47e+00,http://linked.aub.edu.lb/CODEC/Lebanon/observation/social-development-Lebanon-SL.UEM.TOTL.MA.ZS-2010,https://data.humdata.org/dataset/world-bank-social-development-indicators-for-lebanon,The World Bank,http://linked.aub.edu.lb/CODEC/Lebanon/Dataset/social-development-Lebanon,2010
http://dbpedia.org/resource/Lebanon,SL.UEM.TOTL.MA.ZS,6.012e+00,http://linked.aub.edu.lb/CODEC/Lebanon/observation/social-development-Lebanon-SL.UEM.TOTL.MA.ZS-2011,https://data.humdata.org/dataset/world-bank-social-development-indicators-for-lebanon,The World Bank,http://linked.aub.edu.lb/CODEC/Lebanon/Dataset/social-development-Lebanon,2011
http://dbpedia.org/resource/Lebanon,SL.UEM.TOTL.MA.ZS,6.464e+00,http://linked.aub.edu.lb/CODEC/Lebanon/observation/social-development-Lebanon-SL.UEM.TOTL.MA.ZS-2012,https://data.humdata.org/dataset/world-bank-social-development-indicators-for-lebanon,The World Bank,http://linked.aub.edu.lb/CODEC/Lebanon/Dataset/social-development-Lebanon,2012
http://dbpedia.org/resource/Lebanon,SL.UEM.TOTL.MA.ZS,6.919e+00,http://linked.aub.edu.lb/CODEC/Lebanon/observation/social-development-Lebanon-SL.UEM.TOTL.MA.ZS-2013,https://data.humdata.org/dataset/world-bank-social-development-indicators-for-lebanon,The World Bank,http://linked.aub.edu.lb/CODEC/Lebanon/Dataset/social-development-Lebanon,2013
http://dbpedia.org/resource/Lebanon,SL.UEM.TOTL.MA.ZS,7.408e+00,http://linked.aub.edu.lb/CODEC/Lebanon/observation/social-development-Lebanon-SL.UEM.TOTL.MA.ZS-2014,https://data.humdata.org/dataset/world-bank-social-development-indicators-for-lebanon,The World Bank,http://linked.aub.edu.lb/CODEC/Lebanon/Dataset/social-development-Lebanon,2014
http://dbpedia.org/resource/Lebanon,SL.UEM.TOTL.MA.ZS,7.904e+00,http://linked.aub.edu.lb/CODEC/Lebanon/observation/social-development-Lebanon-SL.UEM.TOTL.MA.ZS-2015,https://data.humdata.org/dataset/world-bank-social-development-indicators-for-lebanon,The World Bank,http://linked.aub.edu.lb/CODEC/Lebanon/Dataset/social-development-Lebanon,2015
http://dbpedia.org/resource/Lebanon,SL.UEM.TOTL.MA.ZS,8.359e+00,http://linked.aub.edu.lb/CODEC/Lebanon/observation/social-development-Lebanon-SL.UEM.TOTL.MA.ZS-2016,https://data.humdata.org/dataset/world-bank-social-development-indicators-for-lebanon,The World Bank,http://linked.aub.edu.lb/CODEC/Lebanon/Dataset/social-development-Lebanon,2016
http://dbpedia.org/resource/Lebanon,SL.UEM.TOTL.MA.ZS,8.84e+00,http://linked.aub.edu.lb/CODEC/Lebanon/observation/social-development-Lebanon-SL.UEM.TOTL.MA.ZS-2017,https://data.humdata.org/dataset/world-bank-social-development-indicators-for-lebanon,The World Bank,http://linked.aub.edu.lb/CODEC/Lebanon/Dataset/social-development-Lebanon,2017
http://dbpedia.org/resource/Lebanon,SL.UEM.TOTL.MA.ZS,9.351e+00,http://linked.aub.edu.lb/CODEC/Lebanon/observation/social-development-Lebanon-SL.UEM.TOTL.MA.ZS-2018,https://data.humdata.org/dataset/world-bank-social-development-indicators-for-lebanon,The World Bank,http://linked.aub.edu.lb/CODEC/Lebanon/Dataset/social-development-Lebanon,2018
http://dbpedia.org/resource/Lebanon,SL.UEM.TOTL.MA.ZS,9.918e+00,http://linked.aub.edu.lb/CODEC/Lebanon/observation/social-development-Lebanon-SL.UEM.TOTL.MA.ZS-2019,https://data.humdata.org/dataset/world-bank-social-development-indicators-for-lebanon,The World Bank,http://linked.aub.edu.lb/CODEC/Lebanon/Dataset/social-development-Lebanon,2019
http://dbpedia.org/resource/Lebanon,SL.UEM.TOTL.MA.ZS,1.158e+01,http://linked.aub.edu.lb/CODEC/Lebanon/observation/social-development-Lebanon-SL.UEM.TOTL.MA.ZS-2020,https://data.humdata.org/dataset/world-bank-social-development-indicators-for-lebanon,The World Bank,http://linked.aub.edu.lb/CODEC/Lebanon/Dataset/social-development-Lebanon,2020
http://dbpedia.org/resource/Lebanon,SL.UEM.TOTL.MA.ZS,1.0978e+01,http://linked.aub.edu.lb/CODEC/Lebanon/observation/social-development-Lebanon-SL.UEM.TOTL.MA.ZS-2021,https://data.humdata.org/dataset/world-bank-social-development-indicators-for-lebanon,The World Bank,http://linked.aub.edu.lb/CODEC/Lebanon/Dataset/social-development-Lebanon,2021
http://dbpedia.org/resource/Lebanon,SL.UEM.TOTL.MA.ZS,1.1021e+01,http://linked.aub.edu.lb/CODEC/Lebanon/observation/social-development-Lebanon-SL.UEM.TOTL.MA.ZS-2022,https://data.humdata.org/dataset/world-bank-social-development-indicators-for-lebanon,The World Bank,http://linked.aub.edu.lb/CODEC/Lebanon/Dataset/social-development-Lebanon,2022
http://dbpedia.org/resource/Lebanon,SM.POP.REFG,1.37884e+05,http://linked.aub.edu.lb/CODEC/Lebanon/observation/social-development-Lebanon-SM.POP.REFG-1960,https://data.humdata.org/dataset/world-bank-social-development-indicators-for-lebanon,The World Bank,http://linked.aub.edu.lb/CODEC/Lebanon/Dataset/social-development-Lebanon,1960
http://dbpedia.org/resource/Lebanon,SM.POP.REFG,1.4267e+05,http://linked.aub.edu.lb/CODEC/Lebanon/observation/social-development-Lebanon-SM.POP.REFG-1961,https://data.humdata.org/dataset/world-bank-social-development-indicators-for-lebanon,The World Bank,http://linked.aub.edu.lb/CODEC/Lebanon/Dataset/social-development-Lebanon,1961
http://dbpedia.org/resource/Lebanon,SM.POP.REFG,1.46969e+05,http://linked.aub.edu.lb/CODEC/Lebanon/observation/social-development-Lebanon-SM.POP.REFG-1962,https://data.humdata.org/dataset/world-bank-social-development-indicators-for-lebanon,The World Bank,http://linked.aub.edu.lb/CODEC/Lebanon/Dataset/social-development-Lebanon,1962
http://dbpedia.org/resource/Lebanon,SM.POP.REFG,1.52747e+05,http://linked.aub.edu.lb/CODEC/Lebanon/observation/social-development-Lebanon-SM.POP.REFG-1963,https://data.humdata.org/dataset/world-bank-social-development-indicators-for-lebanon,The World Bank,http://linked.aub.edu.lb/CODEC/Lebanon/Dataset/social-development-Lebanon,1963
http://dbpedia.org/resource/Lebanon,SM.POP.REFG,1.58584e+05,http://linked.aub.edu.lb/CODEC/Lebanon/observation/social-development-Lebanon-SM.POP.REFG-1964,https://data.humdata.org/dataset/world-bank-social-development-indicators-for-lebanon,The World Bank,http://linked.aub.edu.lb/CODEC/Lebanon/Dataset/social-development-Lebanon,1964
http://dbpedia.org/resource/Lebanon,SM.POP.REFG,1.63069e+05,http://linked.aub.edu.lb/CODEC/Lebanon/observation/social-development-Lebanon-SM.POP.REFG-1965,https://data.humdata.org/dataset/world-bank-social-development-indicators-for-lebanon,The World Bank,http://linked.aub.edu.lb/CODEC/Lebanon/Dataset/social-development-Lebanon,1965
http://dbpedia.org/resource/Lebanon,SM.POP.REFG,1.64692e+05,http://linked.aub.edu.lb/CODEC/Lebanon/observation/social-development-Lebanon-SM.POP.REFG-1966,https://data.humdata.org/dataset/world-bank-social-development-indicators-for-lebanon,The World Bank,http://linked.aub.edu.lb/CODEC/Lebanon/Dataset/social-development-Lebanon,1966
http://dbpedia.org/resource/Lebanon,SM.POP.REFG,1.22967e+05,http://linked.aub.edu.lb/CODEC/Lebanon/observation/social-development-Lebanon-SM.POP.REFG-1967,https://data.humdata.org/dataset/world-bank-social-development-indicators-for-lebanon,The World Bank,http://linked.aub.edu.lb/CODEC/Lebanon/Dataset/social-development-Lebanon,1967
http://dbpedia.org/resource/Lebanon,SM.POP.REFG,1.73437e+05,http://linked.aub.edu.lb/CODEC/Lebanon/observation/social-development-Lebanon-SM.POP.REFG-1968,https://data.humdata.org/dataset/world-bank-social-development-indicators-for-lebanon,The World Bank,http://linked.aub.edu.lb/CODEC/Lebanon/Dataset/social-development-Lebanon,1968
http://dbpedia.org/resource/Lebanon,SM.POP.REFG,1.78049e+05,http://linked.aub.edu.lb/CODEC/Lebanon/observation/social-development-Lebanon-SM.POP.REFG-1969,https://data.humdata.org/dataset/world-bank-social-development-indicators-for-lebanon,The World Bank,http://linked.aub.edu.lb/CODEC/Lebanon/Dataset/social-development-Lebanon,1969
http://dbpedia.org/resource/Lebanon,SM.POP.REFG,1.77862e+05,http://linked.aub.edu.lb/CODEC/Lebanon/observation/social-development-Lebanon-SM.POP.REFG-1970,https://data.humdata.org/dataset/world-bank-social-development-indicators-for-lebanon,The World Bank,http://linked.aub.edu.lb/CODEC/Lebanon/Dataset/social-development-Lebanon,1970
http://dbpedia.org/resource/Lebanon,SM.POP.REFG,1.84814e+05,http://linked.aub.edu.lb/CODEC/Lebanon/observation/social-development-Lebanon-SM.POP.REFG-1971,https://data.humdata.org/dataset/world-bank-social-development-indicators-for-lebanon,The World Bank,http://linked.aub.edu.lb/CODEC/Lebanon/Dataset/social-development-Lebanon,1971
http://dbpedia.org/resource/Lebanon,SM.POP.REFG,1.88937e+05,http://linked.aub.edu.lb/CODEC/Lebanon/observation/social-development-Lebanon-SM.POP.REFG-1972,https://data.humdata.org/dataset/world-bank-social-development-indicators-for-lebanon,The World Bank,http://linked.aub.edu.lb/CODEC/Lebanon/Dataset/social-development-Lebanon,1972
http://dbpedia.org/resource/Lebanon,SM.POP.REFG,1.93107e+05,http://linked.aub.edu.lb/CODEC/Lebanon/observation/social-development-Lebanon-SM.POP.REFG-1973,https://data.humdata.org/dataset/world-bank-social-development-indicators-for-lebanon,The World Bank,http://linked.aub.edu.lb/CODEC/Lebanon/Dataset/social-development-Lebanon,1973
http://dbpedia.org/resource/Lebanon,SM.POP.REFG,1.9283e+05,http://linked.aub.edu.lb/CODEC/Lebanon/observation/social-development-Lebanon-SM.POP.REFG-1974,https://data.humdata.org/dataset/world-bank-social-development-indicators-for-lebanon,The World Bank,http://linked.aub.edu.lb/CODEC/Lebanon/Dataset/social-development-Lebanon,1974
http://dbpedia.org/resource/Lebanon,SM.POP.REFG,1.97974e+05,http://linked.aub.edu.lb/CODEC/Lebanon/observation/social-development-Lebanon-SM.POP.REFG-1975,https://data.humdata.org/dataset/world-bank-social-development-indicators-for-lebanon,The World Bank,http://linked.aub.edu.lb/CODEC/Lebanon/Dataset/social-development-Lebanon,1975
http://dbpedia.org/resource/Lebanon,SM.POP.REFG,8.99238e+05,http://linked.aub.edu.lb/CODEC/Lebanon/observation/social-development-Lebanon-SM.POP.REFG-1976,https://data.humdata.org/dataset/world-bank-social-development-indicators-for-lebanon,The World Bank,http://linked.aub.edu.lb/CODEC/Lebanon/Dataset/social-development-Lebanon,1976
http://dbpedia.org/resource/Lebanon,SM.POP.REFG,9.06521e+05,http://linked.aub.edu.lb/CODEC/Lebanon/observation/social-development-Lebanon-SM.POP.REFG-1977,https://data.humdata.org/dataset/world-bank-social-development-indicators-for-lebanon,The World Bank,http://linked.aub.edu.lb/CODEC/Lebanon/Dataset/social-development-Lebanon,1977
http://dbpedia.org/resource/Lebanon,SM.POP.REFG,2.20248e+05,http://linked.aub.edu.lb/CODEC/Lebanon/observation/social-development-Lebanon-SM.POP.REFG-1978,https://data.humdata.org/dataset/world-bank-social-development-indicators-for-lebanon,The World Bank,http://linked.aub.edu.lb/CODEC/Lebanon/Dataset/social-development-Lebanon,1978
http://dbpedia.org/resource/Lebanon,SM.POP.REFG,2.2637e+05,http://linked.aub.edu.lb/CODEC/Lebanon/observation/social-development-Lebanon-SM.POP.REFG-1979,https://data.humdata.org/dataset/world-bank-social-development-indicators-for-lebanon,The World Bank,http://linked.aub.edu.lb/CODEC/Lebanon/Dataset/social-development-Lebanon,1979
http://dbpedia.org/resource/Lebanon,SM.POP.REFG,2.35105e+05,http://linked.aub.edu.lb/CODEC/Lebanon/observation/social-development-Lebanon-SM.POP.REFG-1980,https://data.humdata.org/dataset/world-bank-social-development-indicators-for-lebanon,The World Bank,http://linked.aub.edu.lb/CODEC/Lebanon/Dataset/social-development-Lebanon,1980
http://dbpedia.org/resource/Lebanon,SM.POP.REFG,2.37081e+05,http://linked.aub.edu.lb/CODEC/Lebanon/observation/social-development-Lebanon-SM.POP.REFG-1981,https://data.humdata.org/dataset/world-bank-social-development-indicators-for-lebanon,The World Bank,http://linked.aub.edu.lb/CODEC/Lebanon/Dataset/social-development-Lebanon,1981
http://dbpedia.org/resource/Lebanon,SM.POP.REFG,2.42017e+05,http://linked.aub.edu.lb/CODEC/Lebanon/observation/social-development-Lebanon-SM.POP.REFG-1982,https://data.humdata.org/dataset/world-bank-social-development-indicators-for-lebanon,The World Bank,http://linked.aub.edu.lb/CODEC/Lebanon/Dataset/social-development-Lebanon,1982
http://dbpedia.org/resource/Lebanon,SM.POP.REFG,2.55513e+05,http://linked.aub.edu.lb/CODEC/Lebanon/observation/social-development-Lebanon-SM.POP.REFG-1983,https://data.humdata.org/dataset/world-bank-social-development-indicators-for-lebanon,The World Bank,http://linked.aub.edu.lb/CODEC/Lebanon/Dataset/social-development-Lebanon,1983
http://dbpedia.org/resource/Lebanon,SM.POP.REFG,2.6319e+05,http://linked.aub.edu.lb/CODEC/Lebanon/observation/social-development-Lebanon-SM.POP.REFG-1984,https://data.humdata.org/dataset/world-bank-social-development-indicators-for-lebanon,The World Bank,http://linked.aub.edu.lb/CODEC/Lebanon/Dataset/social-development-Lebanon,1984
http://dbpedia.org/resource/Lebanon,SM.POP.REFG,2.72504e+05,http://linked.aub.edu.lb/CODEC/Lebanon/observation/social-development-Lebanon-SM.POP.REFG-1985,https://data.humdata.org/dataset/world-bank-social-development-indicators-for-lebanon,The World Bank,http://linked.aub.edu.lb/CODEC/Lebanon/Dataset/social-development-Lebanon,1985
http://dbpedia.org/resource/Lebanon,SM.POP.REFG,2.80798e+05,http://linked.aub.edu.lb/CODEC/Lebanon/observation/social-development-Lebanon-SM.POP.REFG-1986,https://data.humdata.org/dataset/world-bank-social-development-indicators-for-lebanon,The World Bank,http://linked.aub.edu.lb/CODEC/Lebanon/Dataset/social-development-Lebanon,1986
http://dbpedia.org/resource/Lebanon,SM.POP.REFG,2.88657e+05,http://linked.aub.edu.lb/CODEC/Lebanon/observation/social-development-Lebanon-SM.POP.REFG-1987,https://data.humdata.org/dataset/world-bank-social-development-indicators-for-lebanon,The World Bank,http://linked.aub.edu.lb/CODEC/Lebanon/Dataset/social-development-Lebanon,1987
http://dbpedia.org/resource/Lebanon,SM.POP.REFG,2.96518e+05,http://linked.aub.edu.lb/CODEC/Lebanon/observation/social-development-Lebanon-SM.POP.REFG-1988,https://data.humdata.org/dataset/world-bank-social-development-indicators-for-lebanon,The World Bank,http://linked.aub.edu.lb/CODEC/Lebanon/Dataset/social-development-Lebanon,1988
http://dbpedia.org/resource/Lebanon,SM.POP.REFG,3.01221e+05,http://linked.aub.edu.lb/CODEC/Lebanon/observation/social-development-Lebanon-SM.POP.REFG-1989,https://data.humdata.org/dataset/world-bank-social-development-indicators-for-lebanon,The World Bank,http://linked.aub.edu.lb/CODEC/Lebanon/Dataset/social-development-Lebanon,1989
http://dbpedia.org/resource/Lebanon,SM.POP.REFG,3.09021e+05,http://linked.aub.edu.lb/CODEC/Lebanon/observation/social-development-Lebanon-SM.POP.REFG-1990,https://data.humdata.org/dataset/world-bank-social-development-indicators-for-lebanon,The World Bank,http://linked.aub.edu.lb/CODEC/Lebanon/Dataset/social-development-Lebanon,1990
http://dbpedia.org/resource/Lebanon,SM.POP.REFG,3.20731e+05,http://linked.aub.edu.lb/CODEC/Lebanon/observation/social-development-Lebanon-SM.POP.REFG-1991,https://data.humdata.org/dataset/world-bank-social-development-indicators-for-lebanon,The World Bank,http://linked.aub.edu.lb/CODEC/Lebanon/Dataset/social-development-Lebanon,1991
http://dbpedia.org/resource/Lebanon,SM.POP.REFG,3.30231e+05,http://linked.aub.edu.lb/CODEC/Lebanon/observation/social-development-Lebanon-SM.POP.REFG-1992,https://data.humdata.org/dataset/world-bank-social-development-indicators-for-lebanon,The World Bank,http://linked.aub.edu.lb/CODEC/Lebanon/Dataset/social-development-Lebanon,1992
http://dbpedia.org/resource/Lebanon,SM.POP.REFG,3.35846e+05,http://linked.aub.edu.lb/CODEC/Lebanon/observation/social-development-Lebanon-SM.POP.REFG-1993,https://data.humdata.org/dataset/world-bank-social-development-indicators-for-lebanon,The World Bank,http://linked.aub.edu.lb/CODEC/Lebanon/Dataset/social-development-Lebanon,1993
http://dbpedia.org/resource/Lebanon,SM.POP.REFG,3.4348e+05,http://linked.aub.edu.lb/CODEC/Lebanon/observation/social-development-Lebanon-SM.POP.REFG-1994,https://data.humdata.org/dataset/world-bank-social-development-indicators-for-lebanon,The World Bank,http://linked.aub.edu.lb/CODEC/Lebanon/Dataset/social-development-Lebanon,1994
http://dbpedia.org/resource/Lebanon,SM.POP.REFG,3.5164e+05,http://linked.aub.edu.lb/CODEC/Lebanon/observation/social-development-Lebanon-SM.POP.REFG-1995,https://data.humdata.org/dataset/world-bank-social-development-indicators-for-lebanon,The World Bank,http://linked.aub.edu.lb/CODEC/Lebanon/Dataset/social-development-Lebanon,1995
http://dbpedia.org/resource/Lebanon,SM.POP.REFG,3.58666e+05,http://linked.aub.edu.lb/CODEC/Lebanon/observation/social-development-Lebanon-SM.POP.REFG-1996,https://data.humdata.org/dataset/world-bank-social-development-indicators-for-lebanon,The World Bank,http://linked.aub.edu.lb/CODEC/Lebanon/Dataset/social-development-Lebanon,1996
http://dbpedia.org/resource/Lebanon,SM.POP.REFG,3.6516e+05,http://linked.aub.edu.lb/CODEC/Lebanon/observation/social-development-Lebanon-SM.POP.REFG-1997,https://data.humdata.org/dataset/world-bank-social-development-indicators-for-lebanon,The World Bank,http://linked.aub.edu.lb/CODEC/Lebanon/Dataset/social-development-Lebanon,1997
http://dbpedia.org/resource/Lebanon,SM.POP.REFG,3.71294e+05,http://linked.aub.edu.lb/CODEC/Lebanon/observation/social-development-Lebanon-SM.POP.REFG-1998,https://data.humdata.org/dataset/world-bank-social-development-indicators-for-lebanon,The World Bank,http://linked.aub.edu.lb/CODEC/Lebanon/Dataset/social-development-Lebanon,1998
http://dbpedia.org/resource/Lebanon,SM.POP.REFG,3.77612e+05,http://linked.aub.edu.lb/CODEC/Lebanon/observation/social-development-Lebanon-SM.POP.REFG-1999,https://data.humdata.org/dataset/world-bank-social-development-indicators-for-lebanon,The World Bank,http://linked.aub.edu.lb/CODEC/Lebanon/Dataset/social-development-Lebanon,1999
http://dbpedia.org/resource/Lebanon,SM.POP.REFG,3.82744e+05,http://linked.aub.edu.lb/CODEC/Lebanon/observation/social-development-Lebanon-SM.POP.REFG-2000,https://data.humdata.org/dataset/world-bank-social-development-indicators-for-lebanon,The World Bank,http://linked.aub.edu.lb/CODEC/Lebanon/Dataset/social-development-Lebanon,2000
http://dbpedia.org/resource/Lebanon,SM.POP.REFG,3.87734e+05,http://linked.aub.edu.lb/CODEC/Lebanon/observation/social-development-Lebanon-SM.POP.REFG-2001,https://data.humdata.org/dataset/world-bank-social-development-indicators-for-lebanon,The World Bank,http://linked.aub.edu.lb/CODEC/Lebanon/Dataset/social-development-Lebanon,2001
http://dbpedia.org/resource/Lebanon,SM.POP.REFG,3.92059e+05,http://linked.aub.edu.lb/CODEC/Lebanon/observation/social-development-Lebanon-SM.POP.REFG-2002,https://data.humdata.org/dataset/world-bank-social-development-indicators-for-lebanon,The World Bank,http://linked.aub.edu.lb/CODEC/Lebanon/Dataset/social-development-Lebanon,2002
http://dbpedia.org/resource/Lebanon,SM.POP.REFG,3.97051e+05,http://linked.aub.edu.lb/CODEC/Lebanon/observation/social-development-Lebanon-SM.POP.REFG-2003,https://data.humdata.org/dataset/world-bank-social-development-indicators-for-lebanon,The World Bank,http://linked.aub.edu.lb/CODEC/Lebanon/Dataset/social-development-Lebanon,2003
http://dbpedia.org/resource/Lebanon,SM.POP.REFG,4.00905e+05,http://linked.aub.edu.lb/CODEC/Lebanon/observation/social-development-Lebanon-SM.POP.REFG-2004,https://data.humdata.org/dataset/world-bank-social-development-indicators-for-lebanon,The World Bank,http://linked.aub.edu.lb/CODEC/Lebanon/Dataset/social-development-Lebanon,2004
http://dbpedia.org/resource/Lebanon,SM.POP.REFG,4.05248e+05,http://linked.aub.edu.lb/CODEC/Lebanon/observation/social-development-Lebanon-SM.POP.REFG-2005,https://data.humdata.org/dataset/world-bank-social-development-indicators-for-lebanon,The World Bank,http://linked.aub.edu.lb/CODEC/Lebanon/Dataset/social-development-Lebanon,2005
http://dbpedia.org/resource/Lebanon,SM.POP.REFG,4.28602e+05,http://linked.aub.edu.lb/CODEC/Lebanon/observation/social-development-Lebanon-SM.POP.REFG-2006,https://data.humdata.org/dataset/world-bank-social-development-indicators-for-lebanon,The World Bank,http://linked.aub.edu.lb/CODEC/Lebanon/Dataset/social-development-Lebanon,2006
http://dbpedia.org/resource/Lebanon,SM.POP.REFG,4.64292e+05,http://linked.aub.edu.lb/CODEC/Lebanon/observation/social-development-Lebanon-SM.POP.REFG-2007,https://data.humdata.org/dataset/world-bank-social-development-indicators-for-lebanon,The World Bank,http://linked.aub.edu.lb/CODEC/Lebanon/Dataset/social-development-Lebanon,2007
http://dbpedia.org/resource/Lebanon,SM.POP.REFG,4.72601e+05,http://linked.aub.edu.lb/CODEC/Lebanon/observation/social-development-Lebanon-SM.POP.REFG-2008,https://data.humdata.org/dataset/world-bank-social-development-indicators-for-lebanon,The World Bank,http://linked.aub.edu.lb/CODEC/Lebanon/Dataset/social-development-Lebanon,2008
http://dbpedia.org/resource/Lebanon,SM.POP.REFG,4.76038e+05,http://linked.aub.edu.lb/CODEC/Lebanon/observation/social-development-Lebanon-SM.POP.REFG-2009,https://data.humdata.org/dataset/world-bank-social-development-indicators-for-lebanon,The World Bank,http://linked.aub.edu.lb/CODEC/Lebanon/Dataset/social-development-Lebanon,2009
http://dbpedia.org/resource/Lebanon,SM.POP.REFG,4.38123e+05,http://linked.aub.edu.lb/CODEC/Lebanon/observation/social-development-Lebanon-SM.POP.REFG-2010,https://data.humdata.org/dataset/world-bank-social-development-indicators-for-lebanon,The World Bank,http://linked.aub.edu.lb/CODEC/Lebanon/Dataset/social-development-Lebanon,2010
http://dbpedia.org/resource/Lebanon,SM.POP.REFG,4.45125e+05,http://linked.aub.edu.lb/CODEC/Lebanon/observation/social-development-Lebanon-SM.POP.REFG-2011,https://data.humdata.org/dataset/world-bank-social-development-indicators-for-lebanon,The World Bank,http://linked.aub.edu.lb/CODEC/Lebanon/Dataset/social-development-Lebanon,2011
http://dbpedia.org/resource/Lebanon,SM.POP.REFG,5.75456e+05,http://linked.aub.edu.lb/CODEC/Lebanon/observation/social-development-Lebanon-SM.POP.REFG-2012,https://data.humdata.org/dataset/world-bank-social-development-indicators-for-lebanon,The World Bank,http://linked.aub.edu.lb/CODEC/Lebanon/Dataset/social-development-Lebanon,2012
http://dbpedia.org/resource/Lebanon,SM.POP.REFG,1.303867e+06,http://linked.aub.edu.lb/CODEC/Lebanon/observation/social-development-Lebanon-SM.POP.REFG-2013,https://data.humdata.org/dataset/world-bank-social-development-indicators-for-lebanon,The World Bank,http://linked.aub.edu.lb/CODEC/Lebanon/Dataset/social-development-Lebanon,2013
http://dbpedia.org/resource/Lebanon,SM.POP.REFG,1.606698e+06,http://linked.aub.edu.lb/CODEC/Lebanon/observation/social-development-Lebanon-SM.POP.REFG-2014,https://data.humdata.org/dataset/world-bank-social-development-indicators-for-lebanon,The World Bank,http://linked.aub.edu.lb/CODEC/Lebanon/Dataset/social-development-Lebanon,2014
http://dbpedia.org/resource/Lebanon,SM.POP.REFG,1.529213e+06,http://linked.aub.edu.lb/CODEC/Lebanon/observation/social-development-Lebanon-SM.POP.REFG-2015,https://data.humdata.org/dataset/world-bank-social-development-indicators-for-lebanon,The World Bank,http://linked.aub.edu.lb/CODEC/Lebanon/Dataset/social-development-Lebanon,2015
http://dbpedia.org/resource/Lebanon,SM.POP.REFG,1.476623e+06,http://linked.aub.edu.lb/CODEC/Lebanon/observation/social-development-Lebanon-SM.POP.REFG-2016,https://data.humdata.org/dataset/world-bank-social-development-indicators-for-lebanon,The World Bank,http://linked.aub.edu.lb/CODEC/Lebanon/Dataset/social-development-Lebanon,2016
http://dbpedia.org/resource/Lebanon,SM.POP.REFG,1.468431e+06,http://linked.aub.edu.lb/CODEC/Lebanon/observation/social-development-Lebanon-SM.POP.REFG-2017,https://data.humdata.org/dataset/world-bank-social-development-indicators-for-lebanon,The World Bank,http://linked.aub.edu.lb/CODEC/Lebanon/Dataset/social-development-Lebanon,2017
http://dbpedia.org/resource/Lebanon,SM.POP.REFG,1.424728e+06,http://linked.aub.edu.lb/CODEC/Lebanon/observation/social-development-Lebanon-SM.POP.REFG-2018,https://data.humdata.org/dataset/world-bank-social-development-indicators-for-lebanon,The World Bank,http://linked.aub.edu.lb/CODEC/Lebanon/Dataset/social-development-Lebanon,2018
http://dbpedia.org/resource/Lebanon,SM.POP.REFG,1.392174e+06,http://linked.aub.edu.lb/CODEC/Lebanon/observation/social-development-Lebanon-SM.POP.REFG-2019,https://data.humdata.org/dataset/world-bank-social-development-indicators-for-lebanon,The World Bank,http://linked.aub.edu.lb/CODEC/Lebanon/Dataset/social-development-Lebanon,2019
http://dbpedia.org/resource/Lebanon,SM.POP.REFG,1.349925e+06,http://linked.aub.edu.lb/CODEC/Lebanon/observation/social-development-Lebanon-SM.POP.REFG-2020,https://data.humdata.org/dataset/world-bank-social-development-indicators-for-lebanon,The World Bank,http://linked.aub.edu.lb/CODEC/Lebanon/Dataset/social-development-Lebanon,2020
http://dbpedia.org/resource/Lebanon,SM.POP.REFG,1.328541e+06,http://linked.aub.edu.lb/CODEC/Lebanon/observation/social-development-Lebanon-SM.POP.REFG-2021,https://data.humdata.org/dataset/world-bank-social-development-indicators-for-lebanon,The World Bank,http://linked.aub.edu.lb/CODEC/Lebanon/Dataset/social-development-Lebanon,2021
http://dbpedia.org/resource/Lebanon,SM.POP.REFG,1.306143e+06,http://linked.aub.edu.lb/CODEC/Lebanon/observation/social-development-Lebanon-SM.POP.REFG-2022,https://data.humdata.org/dataset/world-bank-social-development-indicators-for-lebanon,The World Bank,http://linked.aub.edu.lb/CODEC/Lebanon/Dataset/social-development-Lebanon,2022
http://dbpedia.org/resource/Lebanon,SM.POP.REFG.OR,1.259e+04,http://linked.aub.edu.lb/CODEC/Lebanon/observation/social-development-Lebanon-SM.POP.REFG.OR-1982,https://data.humdata.org/dataset/world-bank-social-development-indicators-for-lebanon,The World Bank,http://linked.aub.edu.lb/CODEC/Lebanon/Dataset/social-development-Lebanon,1982
http://dbpedia.org/resource/Lebanon,SM.POP.REFG.OR,2.727e+04,http://linked.aub.edu.lb/CODEC/Lebanon/observation/social-development-Lebanon-SM.POP.REFG.OR-1983,https://data.humdata.org/dataset/world-bank-social-development-indicators-for-lebanon,The World Bank,http://linked.aub.edu.lb/CODEC/Lebanon/Dataset/social-development-Lebanon,1983
http://dbpedia.org/resource/Lebanon,SM.POP.REFG.OR,3.006e+04,http://linked.aub.edu.lb/CODEC/Lebanon/observation/social-development-Lebanon-SM.POP.REFG.OR-1984,https://data.humdata.org/dataset/world-bank-social-development-indicators-for-lebanon,The World Bank,http://linked.aub.edu.lb/CODEC/Lebanon/Dataset/social-development-Lebanon,1984
http://dbpedia.org/resource/Lebanon,SM.POP.REFG.OR,3.314e+04,http://linked.aub.edu.lb/CODEC/Lebanon/observation/social-development-Lebanon-SM.POP.REFG.OR-1985,https://data.humdata.org/dataset/world-bank-social-development-indicators-for-lebanon,The World Bank,http://linked.aub.edu.lb/CODEC/Lebanon/Dataset/social-development-Lebanon,1985
http://dbpedia.org/resource/Lebanon,SM.POP.REFG.OR,6.3e+02,http://linked.aub.edu.lb/CODEC/Lebanon/observation/social-development-Lebanon-SM.POP.REFG.OR-1986,https://data.humdata.org/dataset/world-bank-social-development-indicators-for-lebanon,The World Bank,http://linked.aub.edu.lb/CODEC/Lebanon/Dataset/social-development-Lebanon,1986
http://dbpedia.org/resource/Lebanon,SM.POP.REFG.OR,4.39e+02,http://linked.aub.edu.lb/CODEC/Lebanon/observation/social-development-Lebanon-SM.POP.REFG.OR-1988,https://data.humdata.org/dataset/world-bank-social-development-indicators-for-lebanon,The World Bank,http://linked.aub.edu.lb/CODEC/Lebanon/Dataset/social-development-Lebanon,1988
http://dbpedia.org/resource/Lebanon,SM.POP.REFG.OR,2.197e+03,http://linked.aub.edu.lb/CODEC/Lebanon/observation/social-development-Lebanon-SM.POP.REFG.OR-1989,https://data.humdata.org/dataset/world-bank-social-development-indicators-for-lebanon,The World Bank,http://linked.aub.edu.lb/CODEC/Lebanon/Dataset/social-development-Lebanon,1989
http://dbpedia.org/resource/Lebanon,SM.POP.REFG.OR,6.993e+03,http://linked.aub.edu.lb/CODEC/Lebanon/observation/social-development-Lebanon-SM.POP.REFG.OR-1990,https://data.humdata.org/dataset/world-bank-social-development-indicators-for-lebanon,The World Bank,http://linked.aub.edu.lb/CODEC/Lebanon/Dataset/social-development-Lebanon,1990
http://dbpedia.org/resource/Lebanon,SM.POP.REFG.OR,8.501e+03,http://linked.aub.edu.lb/CODEC/Lebanon/observation/social-development-Lebanon-SM.POP.REFG.OR-1991,https://data.humdata.org/dataset/world-bank-social-development-indicators-for-lebanon,The World Bank,http://linked.aub.edu.lb/CODEC/Lebanon/Dataset/social-development-Lebanon,1991
http://dbpedia.org/resource/Lebanon,SM.POP.REFG.OR,1.0257e+04,http://linked.aub.edu.lb/CODEC/Lebanon/observation/social-development-Lebanon-SM.POP.REFG.OR-1992,https://data.humdata.org/dataset/world-bank-social-development-indicators-for-lebanon,The World Bank,http://linked.aub.edu.lb/CODEC/Lebanon/Dataset/social-development-Lebanon,1992
http://dbpedia.org/resource/Lebanon,SM.POP.REFG.OR,1.0629e+04,http://linked.aub.edu.lb/CODEC/Lebanon/observation/social-development-Lebanon-SM.POP.REFG.OR-1993,https://data.humdata.org/dataset/world-bank-social-development-indicators-for-lebanon,The World Bank,http://linked.aub.edu.lb/CODEC/Lebanon/Dataset/social-development-Lebanon,1993
http://dbpedia.org/resource/Lebanon,SM.POP.REFG.OR,1.5649e+04,http://linked.aub.edu.lb/CODEC/Lebanon/observation/social-development-Lebanon-SM.POP.REFG.OR-1994,https://data.humdata.org/dataset/world-bank-social-development-indicators-for-lebanon,The World Bank,http://linked.aub.edu.lb/CODEC/Lebanon/Dataset/social-development-Lebanon,1994
http://dbpedia.org/resource/Lebanon,SM.POP.REFG.OR,1.3513e+04,http://linked.aub.edu.lb/CODEC/Lebanon/observation/social-development-Lebanon-SM.POP.REFG.OR-1995,https://data.humdata.org/dataset/world-bank-social-development-indicators-for-lebanon,The World Bank,http://linked.aub.edu.lb/CODEC/Lebanon/Dataset/social-development-Lebanon,1995
http://dbpedia.org/resource/Lebanon,SM.POP.REFG.OR,1.0888e+04,http://linked.aub.edu.lb/CODEC/Lebanon/observation/social-development-Lebanon-SM.POP.REFG.OR-1996,https://data.humdata.org/dataset/world-bank-social-development-indicators-for-lebanon,The World Bank,http://linked.aub.edu.lb/CODEC/Lebanon/Dataset/social-development-Lebanon,1996
http://dbpedia.org/resource/Lebanon,SM.POP.REFG.OR,1.0228e+04,http://linked.aub.edu.lb/CODEC/Lebanon/observation/social-development-Lebanon-SM.POP.REFG.OR-1997,https://data.humdata.org/dataset/world-bank-social-development-indicators-for-lebanon,The World Bank,http://linked.aub.edu.lb/CODEC/Lebanon/Dataset/social-development-Lebanon,1997
http://dbpedia.org/resource/Lebanon,SM.POP.REFG.OR,9.782e+03,http://linked.aub.edu.lb/CODEC/Lebanon/observation/social-development-Lebanon-SM.POP.REFG.OR-1998,https://data.humdata.org/dataset/world-bank-social-development-indicators-for-lebanon,The World Bank,http://linked.aub.edu.lb/CODEC/Lebanon/Dataset/social-development-Lebanon,1998
http://dbpedia.org/resource/Lebanon,SM.POP.REFG.OR,7.677e+03,http://linked.aub.edu.lb/CODEC/Lebanon/observation/social-development-Lebanon-SM.POP.REFG.OR-1999,https://data.humdata.org/dataset/world-bank-social-development-indicators-for-lebanon,The World Bank,http://linked.aub.edu.lb/CODEC/Lebanon/Dataset/social-development-Lebanon,1999
http://dbpedia.org/resource/Lebanon,SM.POP.REFG.OR,1.0208e+04,http://linked.aub.edu.lb/CODEC/Lebanon/observation/social-development-Lebanon-SM.POP.REFG.OR-2000,https://data.humdata.org/dataset/world-bank-social-development-indicators-for-lebanon,The World Bank,http://linked.aub.edu.lb/CODEC/Lebanon/Dataset/social-development-Lebanon,2000
http://dbpedia.org/resource/Lebanon,SM.POP.REFG.OR,8.754e+03,http://linked.aub.edu.lb/CODEC/Lebanon/observation/social-development-Lebanon-SM.POP.REFG.OR-2001,https://data.humdata.org/dataset/world-bank-social-development-indicators-for-lebanon,The World Bank,http://linked.aub.edu.lb/CODEC/Lebanon/Dataset/social-development-Lebanon,2001
http://dbpedia.org/resource/Lebanon,SM.POP.REFG.OR,2.6313e+04,http://linked.aub.edu.lb/CODEC/Lebanon/observation/social-development-Lebanon-SM.POP.REFG.OR-2002,https://data.humdata.org/dataset/world-bank-social-development-indicators-for-lebanon,The World Bank,http://linked.aub.edu.lb/CODEC/Lebanon/Dataset/social-development-Lebanon,2002
http://dbpedia.org/resource/Lebanon,SM.POP.REFG.OR,2.4929e+04,http://linked.aub.edu.lb/CODEC/Lebanon/observation/social-development-Lebanon-SM.POP.REFG.OR-2003,https://data.humdata.org/dataset/world-bank-social-development-indicators-for-lebanon,The World Bank,http://linked.aub.edu.lb/CODEC/Lebanon/Dataset/social-development-Lebanon,2003
http://dbpedia.org/resource/Lebanon,SM.POP.REFG.OR,1.9854e+04,http://linked.aub.edu.lb/CODEC/Lebanon/observation/social-development-Lebanon-SM.POP.REFG.OR-2004,https://data.humdata.org/dataset/world-bank-social-development-indicators-for-lebanon,The World Bank,http://linked.aub.edu.lb/CODEC/Lebanon/Dataset/social-development-Lebanon,2004
http://dbpedia.org/resource/Lebanon,SM.POP.REFG.OR,1.8325e+04,http://linked.aub.edu.lb/CODEC/Lebanon/observation/social-development-Lebanon-SM.POP.REFG.OR-2005,https://data.humdata.org/dataset/world-bank-social-development-indicators-for-lebanon,The World Bank,http://linked.aub.edu.lb/CODEC/Lebanon/Dataset/social-development-Lebanon,2005
http://dbpedia.org/resource/Lebanon,SM.POP.REFG.OR,1.2249e+04,http://linked.aub.edu.lb/CODEC/Lebanon/observation/social-development-Lebanon-SM.POP.REFG.OR-2006,https://data.humdata.org/dataset/world-bank-social-development-indicators-for-lebanon,The World Bank,http://linked.aub.edu.lb/CODEC/Lebanon/Dataset/social-development-Lebanon,2006
http://dbpedia.org/resource/Lebanon,SM.POP.REFG.OR,1.3089e+04,http://linked.aub.edu.lb/CODEC/Lebanon/observation/social-development-Lebanon-SM.POP.REFG.OR-2007,https://data.humdata.org/dataset/world-bank-social-development-indicators-for-lebanon,The World Bank,http://linked.aub.edu.lb/CODEC/Lebanon/Dataset/social-development-Lebanon,2007
http://dbpedia.org/resource/Lebanon,SM.POP.REFG.OR,1.2966e+04,http://linked.aub.edu.lb/CODEC/Lebanon/observation/social-development-Lebanon-SM.POP.REFG.OR-2008,https://data.humdata.org/dataset/world-bank-social-development-indicators-for-lebanon,The World Bank,http://linked.aub.edu.lb/CODEC/Lebanon/Dataset/social-development-Lebanon,2008
http://dbpedia.org/resource/Lebanon,SM.POP.REFG.OR,1.625e+04,http://linked.aub.edu.lb/CODEC/Lebanon/observation/social-development-Lebanon-SM.POP.REFG.OR-2009,https://data.humdata.org/dataset/world-bank-social-development-indicators-for-lebanon,The World Bank,http://linked.aub.edu.lb/CODEC/Lebanon/Dataset/social-development-Lebanon,2009
http://dbpedia.org/resource/Lebanon,SM.POP.REFG.OR,1.5864e+04,http://linked.aub.edu.lb/CODEC/Lebanon/observation/social-development-Lebanon-SM.POP.REFG.OR-2010,https://data.humdata.org/dataset/world-bank-social-development-indicators-for-lebanon,The World Bank,http://linked.aub.edu.lb/CODEC/Lebanon/Dataset/social-development-Lebanon,2010
http://dbpedia.org/resource/Lebanon,SM.POP.REFG.OR,1.5004e+04,http://linked.aub.edu.lb/CODEC/Lebanon/observation/social-development-Lebanon-SM.POP.REFG.OR-2011,https://data.humdata.org/dataset/world-bank-social-development-indicators-for-lebanon,The World Bank,http://linked.aub.edu.lb/CODEC/Lebanon/Dataset/social-development-Lebanon,2011
http://dbpedia.org/resource/Lebanon,SM.POP.REFG.OR,1.51e+04,http://linked.aub.edu.lb/CODEC/Lebanon/observation/social-development-Lebanon-SM.POP.REFG.OR-2012,https://data.humdata.org/dataset/world-bank-social-development-indicators-for-lebanon,The World Bank,http://linked.aub.edu.lb/CODEC/Lebanon/Dataset/social-development-Lebanon,2012
http://dbpedia.org/resource/Lebanon,SM.POP.REFG.OR,3.809e+03,http://linked.aub.edu.lb/CODEC/Lebanon/observation/social-development-Lebanon-SM.POP.REFG.OR-2013,https://data.humdata.org/dataset/world-bank-social-development-indicators-for-lebanon,The World Bank,http://linked.aub.edu.lb/CODEC/Lebanon/Dataset/social-development-Lebanon,2013
http://dbpedia.org/resource/Lebanon,SM.POP.REFG.OR,4.262e+03,http://linked.aub.edu.lb/CODEC/Lebanon/observation/social-development-Lebanon-SM.POP.REFG.OR-2014,https://data.humdata.org/dataset/world-bank-social-development-indicators-for-lebanon,The World Bank,http://linked.aub.edu.lb/CODEC/Lebanon/Dataset/social-development-Lebanon,2014
http://dbpedia.org/resource/Lebanon,SM.POP.REFG.OR,4.353e+03,http://linked.aub.edu.lb/CODEC/Lebanon/observation/social-development-Lebanon-SM.POP.REFG.OR-2015,https://data.humdata.org/dataset/world-bank-social-development-indicators-for-lebanon,The World Bank,http://linked.aub.edu.lb/CODEC/Lebanon/Dataset/social-development-Lebanon,2015
http://dbpedia.org/resource/Lebanon,SM.POP.REFG.OR,4.719e+03,http://linked.aub.edu.lb/CODEC/Lebanon/observation/social-development-Lebanon-SM.POP.REFG.OR-2016,https://data.humdata.org/dataset/world-bank-social-development-indicators-for-lebanon,The World Bank,http://linked.aub.edu.lb/CODEC/Lebanon/Dataset/social-development-Lebanon,2016
http://dbpedia.org/resource/Lebanon,SM.POP.REFG.OR,5.301e+03,http://linked.aub.edu.lb/CODEC/Lebanon/observation/social-development-Lebanon-SM.POP.REFG.OR-2017,https://data.humdata.org/dataset/world-bank-social-development-indicators-for-lebanon,The World Bank,http://linked.aub.edu.lb/CODEC/Lebanon/Dataset/social-development-Lebanon,2017
http://dbpedia.org/resource/Lebanon,SM.POP.REFG.OR,5.62e+03,http://linked.aub.edu.lb/CODEC/Lebanon/observation/social-development-Lebanon-SM.POP.REFG.OR-2018,https://data.humdata.org/dataset/world-bank-social-development-indicators-for-lebanon,The World Bank,http://linked.aub.edu.lb/CODEC/Lebanon/Dataset/social-development-Lebanon,2018
http://dbpedia.org/resource/Lebanon,SM.POP.REFG.OR,5.647e+03,http://linked.aub.edu.lb/CODEC/Lebanon/observation/social-development-Lebanon-SM.POP.REFG.OR-2019,https://data.humdata.org/dataset/world-bank-social-development-indicators-for-lebanon,The World Bank,http://linked.aub.edu.lb/CODEC/Lebanon/Dataset/social-development-Lebanon,2019
http://dbpedia.org/resource/Lebanon,SM.POP.REFG.OR,5.495e+03,http://linked.aub.edu.lb/CODEC/Lebanon/observation/social-development-Lebanon-SM.POP.REFG.OR-2020,https://data.humdata.org/dataset/world-bank-social-development-indicators-for-lebanon,The World Bank,http://linked.aub.edu.lb/CODEC/Lebanon/Dataset/social-development-Lebanon,2020
http://dbpedia.org/resource/Lebanon,SM.POP.REFG.OR,6.061e+03,http://linked.aub.edu.lb/CODEC/Lebanon/observation/social-development-Lebanon-SM.POP.REFG.OR-2021,https://data.humdata.org/dataset/world-bank-social-development-indicators-for-lebanon,The World Bank,http://linked.aub.edu.lb/CODEC/Lebanon/Dataset/social-development-Lebanon,2021
http://dbpedia.org/resource/Lebanon,SM.POP.REFG.OR,6.675e+03,http://linked.aub.edu.lb/CODEC/Lebanon/observation/social-development-Lebanon-SM.POP.REFG.OR-2022,https://data.humdata.org/dataset/world-bank-social-development-indicators-for-lebanon,The World Bank,http://linked.aub.edu.lb/CODEC/Lebanon/Dataset/social-development-Lebanon,2022
http://dbpedia.org/resource/Lebanon,SP.ADO.TFRT,9.2301e+01,http://linked.aub.edu.lb/CODEC/Lebanon/observation/social-development-Lebanon-SP.ADO.TFRT-1960,https://data.humdata.org/dataset/world-bank-social-development-indicators-for-lebanon,The World Bank,http://linked.aub.edu.lb/CODEC/Lebanon/Dataset/social-development-Lebanon,1960
http://dbpedia.org/resource/Lebanon,SP.ADO.TFRT,9.1048e+01,http://linked.aub.edu.lb/CODEC/Lebanon/observation/social-development-Lebanon-SP.ADO.TFRT-1961,https://data.humdata.org/dataset/world-bank-social-development-indicators-for-lebanon,The World Bank,http://linked.aub.edu.lb/CODEC/Lebanon/Dataset/social-development-Lebanon,1961
http://dbpedia.org/resource/Lebanon,SP.ADO.TFRT,9.0364e+01,http://linked.aub.edu.lb/CODEC/Lebanon/observation/social-development-Lebanon-SP.ADO.TFRT-1962,https://data.humdata.org/dataset/world-bank-social-development-indicators-for-lebanon,The World Bank,http://linked.aub.edu.lb/CODEC/Lebanon/Dataset/social-development-Lebanon,1962
http://dbpedia.org/resource/Lebanon,SP.ADO.TFRT,8.9553e+01,http://linked.aub.edu.lb/CODEC/Lebanon/observation/social-development-Lebanon-SP.ADO.TFRT-1963,https://data.humdata.org/dataset/world-bank-social-development-indicators-for-lebanon,The World Bank,http://linked.aub.edu.lb/CODEC/Lebanon/Dataset/social-development-Lebanon,1963
http://dbpedia.org/resource/Lebanon,SP.ADO.TFRT,8.6236e+01,http://linked.aub.edu.lb/CODEC/Lebanon/observation/social-development-Lebanon-SP.ADO.TFRT-1964,https://data.humdata.org/dataset/world-bank-social-development-indicators-for-lebanon,The World Bank,http://linked.aub.edu.lb/CODEC/Lebanon/Dataset/social-development-Lebanon,1964
http://dbpedia.org/resource/Lebanon,SP.ADO.TFRT,8.2443e+01,http://linked.aub.edu.lb/CODEC/Lebanon/observation/social-development-Lebanon-SP.ADO.TFRT-1965,https://data.humdata.org/dataset/world-bank-social-development-indicators-for-lebanon,The World Bank,http://linked.aub.edu.lb/CODEC/Lebanon/Dataset/social-development-Lebanon,1965
http://dbpedia.org/resource/Lebanon,SP.ADO.TFRT,7.8936e+01,http://linked.aub.edu.lb/CODEC/Lebanon/observation/social-development-Lebanon-SP.ADO.TFRT-1966,https://data.humdata.org/dataset/world-bank-social-development-indicators-for-lebanon,The World Bank,http://linked.aub.edu.lb/CODEC/Lebanon/Dataset/social-development-Lebanon,1966
http://dbpedia.org/resource/Lebanon,SP.ADO.TFRT,7.7491e+01,http://linked.aub.edu.lb/CODEC/Lebanon/observation/social-development-Lebanon-SP.ADO.TFRT-1967,https://data.humdata.org/dataset/world-bank-social-development-indicators-for-lebanon,The World Bank,http://linked.aub.edu.lb/CODEC/Lebanon/Dataset/social-development-Lebanon,1967
http://dbpedia.org/resource/Lebanon,SP.ADO.TFRT,7.6866e+01,http://linked.aub.edu.lb/CODEC/Lebanon/observation/social-development-Lebanon-SP.ADO.TFRT-1968,https://data.humdata.org/dataset/world-bank-social-development-indicators-for-lebanon,The World Bank,http://linked.aub.edu.lb/CODEC/Lebanon/Dataset/social-development-Lebanon,1968
http://dbpedia.org/resource/Lebanon,SP.ADO.TFRT,7.6444e+01,http://linked.aub.edu.lb/CODEC/Lebanon/observation/social-development-Lebanon-SP.ADO.TFRT-1969,https://data.humdata.org/dataset/world-bank-social-development-indicators-for-lebanon,The World Bank,http://linked.aub.edu.lb/CODEC/Lebanon/Dataset/social-development-Lebanon,1969
http://dbpedia.org/resource/Lebanon,SP.ADO.TFRT,7.5568e+01,http://linked.aub.edu.lb/CODEC/Lebanon/observation/social-development-Lebanon-SP.ADO.TFRT-1970,https://data.humdata.org/dataset/world-bank-social-development-indicators-for-lebanon,The World Bank,http://linked.aub.edu.lb/CODEC/Lebanon/Dataset/social-development-Lebanon,1970
http://dbpedia.org/resource/Lebanon,SP.ADO.TFRT,7.342e+01,http://linked.aub.edu.lb/CODEC/Lebanon/observation/social-development-Lebanon-SP.ADO.TFRT-1971,https://data.humdata.org/dataset/world-bank-social-development-indicators-for-lebanon,The World Bank,http://linked.aub.edu.lb/CODEC/Lebanon/Dataset/social-development-Lebanon,1971
http://dbpedia.org/resource/Lebanon,SP.ADO.TFRT,7.1746e+01,http://linked.aub.edu.lb/CODEC/Lebanon/observation/social-development-Lebanon-SP.ADO.TFRT-1972,https://data.humdata.org/dataset/world-bank-social-development-indicators-for-lebanon,The World Bank,http://linked.aub.edu.lb/CODEC/Lebanon/Dataset/social-development-Lebanon,1972
http://dbpedia.org/resource/Lebanon,SP.ADO.TFRT,6.9455e+01,http://linked.aub.edu.lb/CODEC/Lebanon/observation/social-development-Lebanon-SP.ADO.TFRT-1973,https://data.humdata.org/dataset/world-bank-social-development-indicators-for-lebanon,The World Bank,http://linked.aub.edu.lb/CODEC/Lebanon/Dataset/social-development-Lebanon,1973
http://dbpedia.org/resource/Lebanon,SP.ADO.TFRT,6.9767e+01,http://linked.aub.edu.lb/CODEC/Lebanon/observation/social-development-Lebanon-SP.ADO.TFRT-1974,https://data.humdata.org/dataset/world-bank-social-development-indicators-for-lebanon,The World Bank,http://linked.aub.edu.lb/CODEC/Lebanon/Dataset/social-development-Lebanon,1974
http://dbpedia.org/resource/Lebanon,SP.ADO.TFRT,6.9533e+01,http://linked.aub.edu.lb/CODEC/Lebanon/observation/social-development-Lebanon-SP.ADO.TFRT-1975,https://data.humdata.org/dataset/world-bank-social-development-indicators-for-lebanon,The World Bank,http://linked.aub.edu.lb/CODEC/Lebanon/Dataset/social-development-Lebanon,1975
http://dbpedia.org/resource/Lebanon,SP.ADO.TFRT,6.9317e+01,http://linked.aub.edu.lb/CODEC/Lebanon/observation/social-development-Lebanon-SP.ADO.TFRT-1976,https://data.humdata.org/dataset/world-bank-social-development-indicators-for-lebanon,The World Bank,http://linked.aub.edu.lb/CODEC/Lebanon/Dataset/social-development-Lebanon,1976
http://dbpedia.org/resource/Lebanon,SP.ADO.TFRT,6.848e+01,http://linked.aub.edu.lb/CODEC/Lebanon/observation/social-development-Lebanon-SP.ADO.TFRT-1977,https://data.humdata.org/dataset/world-bank-social-development-indicators-for-lebanon,The World Bank,http://linked.aub.edu.lb/CODEC/Lebanon/Dataset/social-development-Lebanon,1977
http://dbpedia.org/resource/Lebanon,SP.ADO.TFRT,6.7632e+01,http://linked.aub.edu.lb/CODEC/Lebanon/observation/social-development-Lebanon-SP.ADO.TFRT-1978,https://data.humdata.org/dataset/world-bank-social-development-indicators-for-lebanon,The World Bank,http://linked.aub.edu.lb/CODEC/Lebanon/Dataset/social-development-Lebanon,1978
http://dbpedia.org/resource/Lebanon,SP.ADO.TFRT,6.6345e+01,http://linked.aub.edu.lb/CODEC/Lebanon/observation/social-development-Lebanon-SP.ADO.TFRT-1979,https://data.humdata.org/dataset/world-bank-social-development-indicators-for-lebanon,The World Bank,http://linked.aub.edu.lb/CODEC/Lebanon/Dataset/social-development-Lebanon,1979
http://dbpedia.org/resource/Lebanon,SP.ADO.TFRT,6.6466e+01,http://linked.aub.edu.lb/CODEC/Lebanon/observation/social-development-Lebanon-SP.ADO.TFRT-1980,https://data.humdata.org/dataset/world-bank-social-development-indicators-for-lebanon,The World Bank,http://linked.aub.edu.lb/CODEC/Lebanon/Dataset/social-development-Lebanon,1980
http://dbpedia.org/resource/Lebanon,SP.ADO.TFRT,6.7675e+01,http://linked.aub.edu.lb/CODEC/Lebanon/observation/social-development-Lebanon-SP.ADO.TFRT-1981,https://data.humdata.org/dataset/world-bank-social-development-indicators-for-lebanon,The World Bank,http://linked.aub.edu.lb/CODEC/Lebanon/Dataset/social-development-Lebanon,1981
http://dbpedia.org/resource/Lebanon,SP.ADO.TFRT,6.6863e+01,http://linked.aub.edu.lb/CODEC/Lebanon/observation/social-development-Lebanon-SP.ADO.TFRT-1982,https://data.humdata.org/dataset/world-bank-social-development-indicators-for-lebanon,The World Bank,http://linked.aub.edu.lb/CODEC/Lebanon/Dataset/social-development-Lebanon,1982
http://dbpedia.org/resource/Lebanon,SP.ADO.TFRT,6.5716e+01,http://linked.aub.edu.lb/CODEC/Lebanon/observation/social-development-Lebanon-SP.ADO.TFRT-1983,https://data.humdata.org/dataset/world-bank-social-development-indicators-for-lebanon,The World Bank,http://linked.aub.edu.lb/CODEC/Lebanon/Dataset/social-development-Lebanon,1983
http://dbpedia.org/resource/Lebanon,SP.ADO.TFRT,6.4944e+01,http://linked.aub.edu.lb/CODEC/Lebanon/observation/social-development-Lebanon-SP.ADO.TFRT-1984,https://data.humdata.org/dataset/world-bank-social-development-indicators-for-lebanon,The World Bank,http://linked.aub.edu.lb/CODEC/Lebanon/Dataset/social-development-Lebanon,1984
http://dbpedia.org/resource/Lebanon,SP.ADO.TFRT,6.3486e+01,http://linked.aub.edu.lb/CODEC/Lebanon/observation/social-development-Lebanon-SP.ADO.TFRT-1985,https://data.humdata.org/dataset/world-bank-social-development-indicators-for-lebanon,The World Bank,http://linked.aub.edu.lb/CODEC/Lebanon/Dataset/social-development-Lebanon,1985
http://dbpedia.org/resource/Lebanon,SP.ADO.TFRT,6.1622e+01,http://linked.aub.edu.lb/CODEC/Lebanon/observation/social-development-Lebanon-SP.ADO.TFRT-1986,https://data.humdata.org/dataset/world-bank-social-development-indicators-for-lebanon,The World Bank,http://linked.aub.edu.lb/CODEC/Lebanon/Dataset/social-development-Lebanon,1986
http://dbpedia.org/resource/Lebanon,SP.ADO.TFRT,5.9693e+01,http://linked.aub.edu.lb/CODEC/Lebanon/observation/social-development-Lebanon-SP.ADO.TFRT-1987,https://data.humdata.org/dataset/world-bank-social-development-indicators-for-lebanon,The World Bank,http://linked.aub.edu.lb/CODEC/Lebanon/Dataset/social-development-Lebanon,1987
http://dbpedia.org/resource/Lebanon,SP.ADO.TFRT,5.785e+01,http://linked.aub.edu.lb/CODEC/Lebanon/observation/social-development-Lebanon-SP.ADO.TFRT-1988,https://data.humdata.org/dataset/world-bank-social-development-indicators-for-lebanon,The World Bank,http://linked.aub.edu.lb/CODEC/Lebanon/Dataset/social-development-Lebanon,1988
http://dbpedia.org/resource/Lebanon,SP.ADO.TFRT,5.5016e+01,http://linked.aub.edu.lb/CODEC/Lebanon/observation/social-development-Lebanon-SP.ADO.TFRT-1989,https://data.humdata.org/dataset/world-bank-social-development-indicators-for-lebanon,The World Bank,http://linked.aub.edu.lb/CODEC/Lebanon/Dataset/social-development-Lebanon,1989
http://dbpedia.org/resource/Lebanon,SP.ADO.TFRT,5.0796e+01,http://linked.aub.edu.lb/CODEC/Lebanon/observation/social-development-Lebanon-SP.ADO.TFRT-1990,https://data.humdata.org/dataset/world-bank-social-development-indicators-for-lebanon,The World Bank,http://linked.aub.edu.lb/CODEC/Lebanon/Dataset/social-development-Lebanon,1990
http://dbpedia.org/resource/Lebanon,SP.ADO.TFRT,4.6595e+01,http://linked.aub.edu.lb/CODEC/Lebanon/observation/social-development-Lebanon-SP.ADO.TFRT-1991,https://data.humdata.org/dataset/world-bank-social-development-indicators-for-lebanon,The World Bank,http://linked.aub.edu.lb/CODEC/Lebanon/Dataset/social-development-Lebanon,1991
http://dbpedia.org/resource/Lebanon,SP.ADO.TFRT,4.2976e+01,http://linked.aub.edu.lb/CODEC/Lebanon/observation/social-development-Lebanon-SP.ADO.TFRT-1992,https://data.humdata.org/dataset/world-bank-social-development-indicators-for-lebanon,The World Bank,http://linked.aub.edu.lb/CODEC/Lebanon/Dataset/social-development-Lebanon,1992
http://dbpedia.org/resource/Lebanon,SP.ADO.TFRT,3.8534e+01,http://linked.aub.edu.lb/CODEC/Lebanon/observation/social-development-Lebanon-SP.ADO.TFRT-1993,https://data.humdata.org/dataset/world-bank-social-development-indicators-for-lebanon,The World Bank,http://linked.aub.edu.lb/CODEC/Lebanon/Dataset/social-development-Lebanon,1993
http://dbpedia.org/resource/Lebanon,SP.ADO.TFRT,3.4863e+01,http://linked.aub.edu.lb/CODEC/Lebanon/observation/social-development-Lebanon-SP.ADO.TFRT-1994,https://data.humdata.org/dataset/world-bank-social-development-indicators-for-lebanon,The World Bank,http://linked.aub.edu.lb/CODEC/Lebanon/Dataset/social-development-Lebanon,1994
http://dbpedia.org/resource/Lebanon,SP.ADO.TFRT,3.2297e+01,http://linked.aub.edu.lb/CODEC/Lebanon/observation/social-development-Lebanon-SP.ADO.TFRT-1995,https://data.humdata.org/dataset/world-bank-social-development-indicators-for-lebanon,The World Bank,http://linked.aub.edu.lb/CODEC/Lebanon/Dataset/social-development-Lebanon,1995
http://dbpedia.org/resource/Lebanon,SP.ADO.TFRT,3.0998e+01,http://linked.aub.edu.lb/CODEC/Lebanon/observation/social-development-Lebanon-SP.ADO.TFRT-1996,https://data.humdata.org/dataset/world-bank-social-development-indicators-for-lebanon,The World Bank,http://linked.aub.edu.lb/CODEC/Lebanon/Dataset/social-development-Lebanon,1996
http://dbpedia.org/resource/Lebanon,SP.ADO.TFRT,2.9328e+01,http://linked.aub.edu.lb/CODEC/Lebanon/observation/social-development-Lebanon-SP.ADO.TFRT-1997,https://data.humdata.org/dataset/world-bank-social-development-indicators-for-lebanon,The World Bank,http://linked.aub.edu.lb/CODEC/Lebanon/Dataset/social-development-Lebanon,1997
http://dbpedia.org/resource/Lebanon,SP.ADO.TFRT,2.7783e+01,http://linked.aub.edu.lb/CODEC/Lebanon/observation/social-development-Lebanon-SP.ADO.TFRT-1998,https://data.humdata.org/dataset/world-bank-social-development-indicators-for-lebanon,The World Bank,http://linked.aub.edu.lb/CODEC/Lebanon/Dataset/social-development-Lebanon,1998
http://dbpedia.org/resource/Lebanon,SP.ADO.TFRT,2.6534e+01,http://linked.aub.edu.lb/CODEC/Lebanon/observation/social-development-Lebanon-SP.ADO.TFRT-1999,https://data.humdata.org/dataset/world-bank-social-development-indicators-for-lebanon,The World Bank,http://linked.aub.edu.lb/CODEC/Lebanon/Dataset/social-development-Lebanon,1999
http://dbpedia.org/resource/Lebanon,SP.ADO.TFRT,2.5208e+01,http://linked.aub.edu.lb/CODEC/Lebanon/observation/social-development-Lebanon-SP.ADO.TFRT-2000,https://data.humdata.org/dataset/world-bank-social-development-indicators-for-lebanon,The World Bank,http://linked.aub.edu.lb/CODEC/Lebanon/Dataset/social-development-Lebanon,2000
http://dbpedia.org/resource/Lebanon,SP.ADO.TFRT,2.4652e+01,http://linked.aub.edu.lb/CODEC/Lebanon/observation/social-development-Lebanon-SP.ADO.TFRT-2001,https://data.humdata.org/dataset/world-bank-social-development-indicators-for-lebanon,The World Bank,http://linked.aub.edu.lb/CODEC/Lebanon/Dataset/social-development-Lebanon,2001
http://dbpedia.org/resource/Lebanon,SP.ADO.TFRT,2.4306e+01,http://linked.aub.edu.lb/CODEC/Lebanon/observation/social-development-Lebanon-SP.ADO.TFRT-2002,https://data.humdata.org/dataset/world-bank-social-development-indicators-for-lebanon,The World Bank,http://linked.aub.edu.lb/CODEC/Lebanon/Dataset/social-development-Lebanon,2002
http://dbpedia.org/resource/Lebanon,SP.ADO.TFRT,2.3654e+01,http://linked.aub.edu.lb/CODEC/Lebanon/observation/social-development-Lebanon-SP.ADO.TFRT-2003,https://data.humdata.org/dataset/world-bank-social-development-indicators-for-lebanon,The World Bank,http://linked.aub.edu.lb/CODEC/Lebanon/Dataset/social-development-Lebanon,2003
http://dbpedia.org/resource/Lebanon,SP.ADO.TFRT,2.2694e+01,http://linked.aub.edu.lb/CODEC/Lebanon/observation/social-development-Lebanon-SP.ADO.TFRT-2004,https://data.humdata.org/dataset/world-bank-social-development-indicators-for-lebanon,The World Bank,http://linked.aub.edu.lb/CODEC/Lebanon/Dataset/social-development-Lebanon,2004
http://dbpedia.org/resource/Lebanon,SP.ADO.TFRT,2.1718e+01,http://linked.aub.edu.lb/CODEC/Lebanon/observation/social-development-Lebanon-SP.ADO.TFRT-2005,https://data.humdata.org/dataset/world-bank-social-development-indicators-for-lebanon,The World Bank,http://linked.aub.edu.lb/CODEC/Lebanon/Dataset/social-development-Lebanon,2005
http://dbpedia.org/resource/Lebanon,SP.ADO.TFRT,2.1092e+01,http://linked.aub.edu.lb/CODEC/Lebanon/observation/social-development-Lebanon-SP.ADO.TFRT-2006,https://data.humdata.org/dataset/world-bank-social-development-indicators-for-lebanon,The World Bank,http://linked.aub.edu.lb/CODEC/Lebanon/Dataset/social-development-Lebanon,2006
http://dbpedia.org/resource/Lebanon,SP.ADO.TFRT,2.0635e+01,http://linked.aub.edu.lb/CODEC/Lebanon/observation/social-development-Lebanon-SP.ADO.TFRT-2007,https://data.humdata.org/dataset/world-bank-social-development-indicators-for-lebanon,The World Bank,http://linked.aub.edu.lb/CODEC/Lebanon/Dataset/social-development-Lebanon,2007
http://dbpedia.org/resource/Lebanon,SP.ADO.TFRT,2.0667e+01,http://linked.aub.edu.lb/CODEC/Lebanon/observation/social-development-Lebanon-SP.ADO.TFRT-2008,https://data.humdata.org/dataset/world-bank-social-development-indicators-for-lebanon,The World Bank,http://linked.aub.edu.lb/CODEC/Lebanon/Dataset/social-development-Lebanon,2008
http://dbpedia.org/resource/Lebanon,SP.ADO.TFRT,2.0755e+01,http://linked.aub.edu.lb/CODEC/Lebanon/observation/social-development-Lebanon-SP.ADO.TFRT-2009,https://data.humdata.org/dataset/world-bank-social-development-indicators-for-lebanon,The World Bank,http://linked.aub.edu.lb/CODEC/Lebanon/Dataset/social-development-Lebanon,2009
http://dbpedia.org/resource/Lebanon,SP.ADO.TFRT,2.1467e+01,http://linked.aub.edu.lb/CODEC/Lebanon/observation/social-development-Lebanon-SP.ADO.TFRT-2010,https://data.humdata.org/dataset/world-bank-social-development-indicators-for-lebanon,The World Bank,http://linked.aub.edu.lb/CODEC/Lebanon/Dataset/social-development-Lebanon,2010
http://dbpedia.org/resource/Lebanon,SP.ADO.TFRT,2.1751e+01,http://linked.aub.edu.lb/CODEC/Lebanon/observation/social-development-Lebanon-SP.ADO.TFRT-2011,https://data.humdata.org/dataset/world-bank-social-development-indicators-for-lebanon,The World Bank,http://linked.aub.edu.lb/CODEC/Lebanon/Dataset/social-development-Lebanon,2011
http://dbpedia.org/resource/Lebanon,SP.ADO.TFRT,2.1922e+01,http://linked.aub.edu.lb/CODEC/Lebanon/observation/social-development-Lebanon-SP.ADO.TFRT-2012,https://data.humdata.org/dataset/world-bank-social-development-indicators-for-lebanon,The World Bank,http://linked.aub.edu.lb/CODEC/Lebanon/Dataset/social-development-Lebanon,2012
http://dbpedia.org/resource/Lebanon,SP.ADO.TFRT,2.1938e+01,http://linked.aub.edu.lb/CODEC/Lebanon/observation/social-development-Lebanon-SP.ADO.TFRT-2013,https://data.humdata.org/dataset/world-bank-social-development-indicators-for-lebanon,The World Bank,http://linked.aub.edu.lb/CODEC/Lebanon/Dataset/social-development-Lebanon,2013
http://dbpedia.org/resource/Lebanon,SP.ADO.TFRT,2.2059e+01,http://linked.aub.edu.lb/CODEC/Lebanon/observation/social-development-Lebanon-SP.ADO.TFRT-2014,https://data.humdata.org/dataset/world-bank-social-development-indicators-for-lebanon,The World Bank,http://linked.aub.edu.lb/CODEC/Lebanon/Dataset/social-development-Lebanon,2014
http://dbpedia.org/resource/Lebanon,SP.ADO.TFRT,2.1994e+01,http://linked.aub.edu.lb/CODEC/Lebanon/observation/social-development-Lebanon-SP.ADO.TFRT-2015,https://data.humdata.org/dataset/world-bank-social-development-indicators-for-lebanon,The World Bank,http://linked.aub.edu.lb/CODEC/Lebanon/Dataset/social-development-Lebanon,2015
http://dbpedia.org/resource/Lebanon,SP.ADO.TFRT,2.1926e+01,http://linked.aub.edu.lb/CODEC/Lebanon/observation/social-development-Lebanon-SP.ADO.TFRT-2016,https://data.humdata.org/dataset/world-bank-social-development-indicators-for-lebanon,The World Bank,http://linked.aub.edu.lb/CODEC/Lebanon/Dataset/social-development-Lebanon,2016
http://dbpedia.org/resource/Lebanon,SP.ADO.TFRT,2.1759e+01,http://linked.aub.edu.lb/CODEC/Lebanon/observation/social-development-Lebanon-SP.ADO.TFRT-2017,https://data.humdata.org/dataset/world-bank-social-development-indicators-for-lebanon,The World Bank,http://linked.aub.edu.lb/CODEC/Lebanon/Dataset/social-development-Lebanon,2017
http://dbpedia.org/resource/Lebanon,SP.ADO.TFRT,2.1299e+01,http://linked.aub.edu.lb/CODEC/Lebanon/observation/social-development-Lebanon-SP.ADO.TFRT-2018,https://data.humdata.org/dataset/world-bank-social-development-indicators-for-lebanon,The World Bank,http://linked.aub.edu.lb/CODEC/Lebanon/Dataset/social-development-Lebanon,2018
http://dbpedia.org/resource/Lebanon,SP.ADO.TFRT,2.0896e+01,http://linked.aub.edu.lb/CODEC/Lebanon/observation/social-development-Lebanon-SP.ADO.TFRT-2019,https://data.humdata.org/dataset/world-bank-social-development-indicators-for-lebanon,The World Bank,http://linked.aub.edu.lb/CODEC/Lebanon/Dataset/social-development-Lebanon,2019
http://dbpedia.org/resource/Lebanon,SP.ADO.TFRT,2.0489e+01,http://linked.aub.edu.lb/CODEC/Lebanon/observation/social-development-Lebanon-SP.ADO.TFRT-2020,https://data.humdata.org/dataset/world-bank-social-development-indicators-for-lebanon,The World Bank,http://linked.aub.edu.lb/CODEC/Lebanon/Dataset/social-development-Lebanon,2020
http://dbpedia.org/resource/Lebanon,SP.ADO.TFRT,2.0306e+01,http://linked.aub.edu.lb/CODEC/Lebanon/observation/social-development-Lebanon-SP.ADO.TFRT-2021,https://data.humdata.org/dataset/world-bank-social-development-indicators-for-lebanon,The World Bank,http://linked.aub.edu.lb/CODEC/Lebanon/Dataset/social-development-Lebanon,2021
http://dbpedia.org/resource/Lebanon,SP.DYN.LE00.FE.IN,6.6651e+01,http://linked.aub.edu.lb/CODEC/Lebanon/observation/social-development-Lebanon-SP.DYN.LE00.FE.IN-1960,https://data.humdata.org/dataset/world-bank-social-development-indicators-for-lebanon,The World Bank,http://linked.aub.edu.lb/CODEC/Lebanon/Dataset/social-development-Lebanon,1960
http://dbpedia.org/resource/Lebanon,SP.DYN.LE00.FE.IN,6.7103e+01,http://linked.aub.edu.lb/CODEC/Lebanon/observation/social-development-Lebanon-SP.DYN.LE00.FE.IN-1961,https://data.humdata.org/dataset/world-bank-social-development-indicators-for-lebanon,The World Bank,http://linked.aub.edu.lb/CODEC/Lebanon/Dataset/social-development-Lebanon,1961
http://dbpedia.org/resource/Lebanon,SP.DYN.LE00.FE.IN,6.7214e+01,http://linked.aub.edu.lb/CODEC/Lebanon/observation/social-development-Lebanon-SP.DYN.LE00.FE.IN-1962,https://data.humdata.org/dataset/world-bank-social-development-indicators-for-lebanon,The World Bank,http://linked.aub.edu.lb/CODEC/Lebanon/Dataset/social-development-Lebanon,1962
http://dbpedia.org/resource/Lebanon,SP.DYN.LE00.FE.IN,6.7614e+01,http://linked.aub.edu.lb/CODEC/Lebanon/observation/social-development-Lebanon-SP.DYN.LE00.FE.IN-1963,https://data.humdata.org/dataset/world-bank-social-development-indicators-for-lebanon,The World Bank,http://linked.aub.edu.lb/CODEC/Lebanon/Dataset/social-development-Lebanon,1963
http://dbpedia.org/resource/Lebanon,SP.DYN.LE00.FE.IN,6.771e+01,http://linked.aub.edu.lb/CODEC/Lebanon/observation/social-development-Lebanon-SP.DYN.LE00.FE.IN-1964,https://data.humdata.org/dataset/world-bank-social-development-indicators-for-lebanon,The World Bank,http://linked.aub.edu.lb/CODEC/Lebanon/Dataset/social-development-Lebanon,1964
http://dbpedia.org/resource/Lebanon,SP.DYN.LE00.FE.IN,6.7835e+01,http://linked.aub.edu.lb/CODEC/Lebanon/observation/social-development-Lebanon-SP.DYN.LE00.FE.IN-1965,https://data.humdata.org/dataset/world-bank-social-development-indicators-for-lebanon,The World Bank,http://linked.aub.edu.lb/CODEC/Lebanon/Dataset/social-development-Lebanon,1965
http://dbpedia.org/resource/Lebanon,SP.DYN.LE00.FE.IN,6.7879e+01,http://linked.aub.edu.lb/CODEC/Lebanon/observation/social-development-Lebanon-SP.DYN.LE00.FE.IN-1966,https://data.humdata.org/dataset/world-bank-social-development-indicators-for-lebanon,The World Bank,http://linked.aub.edu.lb/CODEC/Lebanon/Dataset/social-development-Lebanon,1966
http://dbpedia.org/resource/Lebanon,SP.DYN.LE00.FE.IN,6.8232e+01,http://linked.aub.edu.lb/CODEC/Lebanon/observation/social-development-Lebanon-SP.DYN.LE00.FE.IN-1967,https://data.humdata.org/dataset/world-bank-social-development-indicators-for-lebanon,The World Bank,http://linked.aub.edu.lb/CODEC/Lebanon/Dataset/social-development-Lebanon,1967
http://dbpedia.org/resource/Lebanon,SP.DYN.LE00.FE.IN,6.8315e+01,http://linked.aub.edu.lb/CODEC/Lebanon/observation/social-development-Lebanon-SP.DYN.LE00.FE.IN-1968,https://data.humdata.org/dataset/world-bank-social-development-indicators-for-lebanon,The World Bank,http://linked.aub.edu.lb/CODEC/Lebanon/Dataset/social-development-Lebanon,1968
http://dbpedia.org/resource/Lebanon,SP.DYN.LE00.FE.IN,6.8383e+01,http://linked.aub.edu.lb/CODEC/Lebanon/observation/social-development-Lebanon-SP.DYN.LE00.FE.IN-1969,https://data.humdata.org/dataset/world-bank-social-development-indicators-for-lebanon,The World Bank,http://linked.aub.edu.lb/CODEC/Lebanon/Dataset/social-development-Lebanon,1969
http://dbpedia.org/resource/Lebanon,SP.DYN.LE00.FE.IN,6.8419e+01,http://linked.aub.edu.lb/CODEC/Lebanon/observation/social-development-Lebanon-SP.DYN.LE00.FE.IN-1970,https://data.humdata.org/dataset/world-bank-social-development-indicators-for-lebanon,The World Bank,http://linked.aub.edu.lb/CODEC/Lebanon/Dataset/social-development-Lebanon,1970
http://dbpedia.org/resource/Lebanon,SP.DYN.LE00.FE.IN,6.8499e+01,http://linked.aub.edu.lb/CODEC/Lebanon/observation/social-development-Lebanon-SP.DYN.LE00.FE.IN-1971,https://data.humdata.org/dataset/world-bank-social-development-indicators-for-lebanon,The World Bank,http://linked.aub.edu.lb/CODEC/Lebanon/Dataset/social-development-Lebanon,1971
http://dbpedia.org/resource/Lebanon,SP.DYN.LE00.FE.IN,6.854e+01,http://linked.aub.edu.lb/CODEC/Lebanon/observation/social-development-Lebanon-SP.DYN.LE00.FE.IN-1972,https://data.humdata.org/dataset/world-bank-social-development-indicators-for-lebanon,The World Bank,http://linked.aub.edu.lb/CODEC/Lebanon/Dataset/social-development-Lebanon,1972
http://dbpedia.org/resource/Lebanon,SP.DYN.LE00.FE.IN,6.8857e+01,http://linked.aub.edu.lb/CODEC/Lebanon/observation/social-development-Lebanon-SP.DYN.LE00.FE.IN-1973,https://data.humdata.org/dataset/world-bank-social-development-indicators-for-lebanon,The World Bank,http://linked.aub.edu.lb/CODEC/Lebanon/Dataset/social-development-Lebanon,1973
http://dbpedia.org/resource/Lebanon,SP.DYN.LE00.FE.IN,6.8926e+01,http://linked.aub.edu.lb/CODEC/Lebanon/observation/social-development-Lebanon-SP.DYN.LE00.FE.IN-1974,https://data.humdata.org/dataset/world-bank-social-development-indicators-for-lebanon,The World Bank,http://linked.aub.edu.lb/CODEC/Lebanon/Dataset/social-development-Lebanon,1974
http://dbpedia.org/resource/Lebanon,SP.DYN.LE00.FE.IN,6.7761e+01,http://linked.aub.edu.lb/CODEC/Lebanon/observation/social-development-Lebanon-SP.DYN.LE00.FE.IN-1975,https://data.humdata.org/dataset/world-bank-social-development-indicators-for-lebanon,The World Bank,http://linked.aub.edu.lb/CODEC/Lebanon/Dataset/social-development-Lebanon,1975
http://dbpedia.org/resource/Lebanon,SP.DYN.LE00.FE.IN,4.3061e+01,http://linked.aub.edu.lb/CODEC/Lebanon/observation/social-development-Lebanon-SP.DYN.LE00.FE.IN-1976,https://data.humdata.org/dataset/world-bank-social-development-indicators-for-lebanon,The World Bank,http://linked.aub.edu.lb/CODEC/Lebanon/Dataset/social-development-Lebanon,1976
http://dbpedia.org/resource/Lebanon,SP.DYN.LE00.FE.IN,6.3713e+01,http://linked.aub.edu.lb/CODEC/Lebanon/observation/social-development-Lebanon-SP.DYN.LE00.FE.IN-1977,https://data.humdata.org/dataset/world-bank-social-development-indicators-for-lebanon,The World Bank,http://linked.aub.edu.lb/CODEC/Lebanon/Dataset/social-development-Lebanon,1977
http://dbpedia.org/resource/Lebanon,SP.DYN.LE00.FE.IN,6.3842e+01,http://linked.aub.edu.lb/CODEC/Lebanon/observation/social-development-Lebanon-SP.DYN.LE00.FE.IN-1978,https://data.humdata.org/dataset/world-bank-social-development-indicators-for-lebanon,The World Bank,http://linked.aub.edu.lb/CODEC/Lebanon/Dataset/social-development-Lebanon,1978
http://dbpedia.org/resource/Lebanon,SP.DYN.LE00.FE.IN,6.3946e+01,http://linked.aub.edu.lb/CODEC/Lebanon/observation/social-development-Lebanon-SP.DYN.LE00.FE.IN-1979,https://data.humdata.org/dataset/world-bank-social-development-indicators-for-lebanon,The World Bank,http://linked.aub.edu.lb/CODEC/Lebanon/Dataset/social-development-Lebanon,1979
http://dbpedia.org/resource/Lebanon,SP.DYN.LE00.FE.IN,6.3997e+01,http://linked.aub.edu.lb/CODEC/Lebanon/observation/social-development-Lebanon-SP.DYN.LE00.FE.IN-1980,https://data.humdata.org/dataset/world-bank-social-development-indicators-for-lebanon,The World Bank,http://linked.aub.edu.lb/CODEC/Lebanon/Dataset/social-development-Lebanon,1980
http://dbpedia.org/resource/Lebanon,SP.DYN.LE00.FE.IN,6.4383e+01,http://linked.aub.edu.lb/CODEC/Lebanon/observation/social-development-Lebanon-SP.DYN.LE00.FE.IN-1981,https://data.humdata.org/dataset/world-bank-social-development-indicators-for-lebanon,The World Bank,http://linked.aub.edu.lb/CODEC/Lebanon/Dataset/social-development-Lebanon,1981
http://dbpedia.org/resource/Lebanon,SP.DYN.LE00.FE.IN,5.3223e+01,http://linked.aub.edu.lb/CODEC/Lebanon/observation/social-development-Lebanon-SP.DYN.LE00.FE.IN-1982,https://data.humdata.org/dataset/world-bank-social-development-indicators-for-lebanon,The World Bank,http://linked.aub.edu.lb/CODEC/Lebanon/Dataset/social-development-Lebanon,1982
http://dbpedia.org/resource/Lebanon,SP.DYN.LE00.FE.IN,6.7473e+01,http://linked.aub.edu.lb/CODEC/Lebanon/observation/social-development-Lebanon-SP.DYN.LE00.FE.IN-1983,https://data.humdata.org/dataset/world-bank-social-development-indicators-for-lebanon,The World Bank,http://linked.aub.edu.lb/CODEC/Lebanon/Dataset/social-development-Lebanon,1983
http://dbpedia.org/resource/Lebanon,SP.DYN.LE00.FE.IN,6.7931e+01,http://linked.aub.edu.lb/CODEC/Lebanon/observation/social-development-Lebanon-SP.DYN.LE00.FE.IN-1984,https://data.humdata.org/dataset/world-bank-social-development-indicators-for-lebanon,The World Bank,http://linked.aub.edu.lb/CODEC/Lebanon/Dataset/social-development-Lebanon,1984
http://dbpedia.org/resource/Lebanon,SP.DYN.LE00.FE.IN,6.8044e+01,http://linked.aub.edu.lb/CODEC/Lebanon/observation/social-development-Lebanon-SP.DYN.LE00.FE.IN-1985,https://data.humdata.org/dataset/world-bank-social-development-indicators-for-lebanon,The World Bank,http://linked.aub.edu.lb/CODEC/Lebanon/Dataset/social-development-Lebanon,1985
http://dbpedia.org/resource/Lebanon,SP.DYN.LE00.FE.IN,6.849e+01,http://linked.aub.edu.lb/CODEC/Lebanon/observation/social-development-Lebanon-SP.DYN.LE00.FE.IN-1986,https://data.humdata.org/dataset/world-bank-social-development-indicators-for-lebanon,The World Bank,http://linked.aub.edu.lb/CODEC/Lebanon/Dataset/social-development-Lebanon,1986
http://dbpedia.org/resource/Lebanon,SP.DYN.LE00.FE.IN,6.5741e+01,http://linked.aub.edu.lb/CODEC/Lebanon/observation/social-development-Lebanon-SP.DYN.LE00.FE.IN-1987,https://data.humdata.org/dataset/world-bank-social-development-indicators-for-lebanon,The World Bank,http://linked.aub.edu.lb/CODEC/Lebanon/Dataset/social-development-Lebanon,1987
http://dbpedia.org/resource/Lebanon,SP.DYN.LE00.FE.IN,6.5896e+01,http://linked.aub.edu.lb/CODEC/Lebanon/observation/social-development-Lebanon-SP.DYN.LE00.FE.IN-1988,https://data.humdata.org/dataset/world-bank-social-development-indicators-for-lebanon,The World Bank,http://linked.aub.edu.lb/CODEC/Lebanon/Dataset/social-development-Lebanon,1988
http://dbpedia.org/resource/Lebanon,SP.DYN.LE00.FE.IN,7.1588e+01,http://linked.aub.edu.lb/CODEC/Lebanon/observation/social-development-Lebanon-SP.DYN.LE00.FE.IN-1989,https://data.humdata.org/dataset/world-bank-social-development-indicators-for-lebanon,The World Bank,http://linked.aub.edu.lb/CODEC/Lebanon/Dataset/social-development-Lebanon,1989
http://dbpedia.org/resource/Lebanon,SP.DYN.LE00.FE.IN,7.1713e+01,http://linked.aub.edu.lb/CODEC/Lebanon/observation/social-development-Lebanon-SP.DYN.LE00.FE.IN-1990,https://data.humdata.org/dataset/world-bank-social-development-indicators-for-lebanon,The World Bank,http://linked.aub.edu.lb/CODEC/Lebanon/Dataset/social-development-Lebanon,1990
http://dbpedia.org/resource/Lebanon,SP.DYN.LE00.FE.IN,7.2497e+01,http://linked.aub.edu.lb/CODEC/Lebanon/observation/social-development-Lebanon-SP.DYN.LE00.FE.IN-1991,https://data.humdata.org/dataset/world-bank-social-development-indicators-for-lebanon,The World Bank,http://linked.aub.edu.lb/CODEC/Lebanon/Dataset/social-development-Lebanon,1991
http://dbpedia.org/resource/Lebanon,SP.DYN.LE00.FE.IN,7.2506e+01,http://linked.aub.edu.lb/CODEC/Lebanon/observation/social-development-Lebanon-SP.DYN.LE00.FE.IN-1992,https://data.humdata.org/dataset/world-bank-social-development-indicators-for-lebanon,The World Bank,http://linked.aub.edu.lb/CODEC/Lebanon/Dataset/social-development-Lebanon,1992
http://dbpedia.org/resource/Lebanon,SP.DYN.LE00.FE.IN,7.2856e+01,http://linked.aub.edu.lb/CODEC/Lebanon/observation/social-development-Lebanon-SP.DYN.LE00.FE.IN-1993,https://data.humdata.org/dataset/world-bank-social-development-indicators-for-lebanon,The World Bank,http://linked.aub.edu.lb/CODEC/Lebanon/Dataset/social-development-Lebanon,1993
http://dbpedia.org/resource/Lebanon,SP.DYN.LE00.FE.IN,7.3111e+01,http://linked.aub.edu.lb/CODEC/Lebanon/observation/social-development-Lebanon-SP.DYN.LE00.FE.IN-1994,https://data.humdata.org/dataset/world-bank-social-development-indicators-for-lebanon,The World Bank,http://linked.aub.edu.lb/CODEC/Lebanon/Dataset/social-development-Lebanon,1994
http://dbpedia.org/resource/Lebanon,SP.DYN.LE00.FE.IN,7.3204e+01,http://linked.aub.edu.lb/CODEC/Lebanon/observation/social-development-Lebanon-SP.DYN.LE00.FE.IN-1995,https://data.humdata.org/dataset/world-bank-social-development-indicators-for-lebanon,The World Bank,http://linked.aub.edu.lb/CODEC/Lebanon/Dataset/social-development-Lebanon,1995
http://dbpedia.org/resource/Lebanon,SP.DYN.LE00.FE.IN,7.3571e+01,http://linked.aub.edu.lb/CODEC/Lebanon/observation/social-development-Lebanon-SP.DYN.LE00.FE.IN-1996,https://data.humdata.org/dataset/world-bank-social-development-indicators-for-lebanon,The World Bank,http://linked.aub.edu.lb/CODEC/Lebanon/Dataset/social-development-Lebanon,1996
http://dbpedia.org/resource/Lebanon,SP.DYN.LE00.FE.IN,7.4304e+01,http://linked.aub.edu.lb/CODEC/Lebanon/observation/social-development-Lebanon-SP.DYN.LE00.FE.IN-1997,https://data.humdata.org/dataset/world-bank-social-development-indicators-for-lebanon,The World Bank,http://linked.aub.edu.lb/CODEC/Lebanon/Dataset/social-development-Lebanon,1997
http://dbpedia.org/resource/Lebanon,SP.DYN.LE00.FE.IN,7.4442e+01,http://linked.aub.edu.lb/CODEC/Lebanon/observation/social-development-Lebanon-SP.DYN.LE00.FE.IN-1998,https://data.humdata.org/dataset/world-bank-social-development-indicators-for-lebanon,The World Bank,http://linked.aub.edu.lb/CODEC/Lebanon/Dataset/social-development-Lebanon,1998
http://dbpedia.org/resource/Lebanon,SP.DYN.LE00.FE.IN,7.4945e+01,http://linked.aub.edu.lb/CODEC/Lebanon/observation/social-development-Lebanon-SP.DYN.LE00.FE.IN-1999,https://data.humdata.org/dataset/world-bank-social-development-indicators-for-lebanon,The World Bank,http://linked.aub.edu.lb/CODEC/Lebanon/Dataset/social-development-Lebanon,1999
http://dbpedia.org/resource/Lebanon,SP.DYN.LE00.FE.IN,7.5462e+01,http://linked.aub.edu.lb/CODEC/Lebanon/observation/social-development-Lebanon-SP.DYN.LE00.FE.IN-2000,https://data.humdata.org/dataset/world-bank-social-development-indicators-for-lebanon,The World Bank,http://linked.aub.edu.lb/CODEC/Lebanon/Dataset/social-development-Lebanon,2000
http://dbpedia.org/resource/Lebanon,SP.DYN.LE00.FE.IN,7.6019e+01,http://linked.aub.edu.lb/CODEC/Lebanon/observation/social-development-Lebanon-SP.DYN.LE00.FE.IN-2001,https://data.humdata.org/dataset/world-bank-social-development-indicators-for-lebanon,The World Bank,http://linked.aub.edu.lb/CODEC/Lebanon/Dataset/social-development-Lebanon,2001
http://dbpedia.org/resource/Lebanon,SP.DYN.LE00.FE.IN,7.7022e+01,http://linked.aub.edu.lb/CODEC/Lebanon/observation/social-development-Lebanon-SP.DYN.LE00.FE.IN-2002,https://data.humdata.org/dataset/world-bank-social-development-indicators-for-lebanon,The World Bank,http://linked.aub.edu.lb/CODEC/Lebanon/Dataset/social-development-Lebanon,2002
http://dbpedia.org/resource/Lebanon,SP.DYN.LE00.FE.IN,7.7352e+01,http://linked.aub.edu.lb/CODEC/Lebanon/observation/social-development-Lebanon-SP.DYN.LE00.FE.IN-2003,https://data.humdata.org/dataset/world-bank-social-development-indicators-for-lebanon,The World Bank,http://linked.aub.edu.lb/CODEC/Lebanon/Dataset/social-development-Lebanon,2003
http://dbpedia.org/resource/Lebanon,SP.DYN.LE00.FE.IN,7.7852e+01,http://linked.aub.edu.lb/CODEC/Lebanon/observation/social-development-Lebanon-SP.DYN.LE00.FE.IN-2004,https://data.humdata.org/dataset/world-bank-social-development-indicators-for-lebanon,The World Bank,http://linked.aub.edu.lb/CODEC/Lebanon/Dataset/social-development-Lebanon,2004
http://dbpedia.org/resource/Lebanon,SP.DYN.LE00.FE.IN,7.8128e+01,http://linked.aub.edu.lb/CODEC/Lebanon/observation/social-development-Lebanon-SP.DYN.LE00.FE.IN-2005,https://data.humdata.org/dataset/world-bank-social-development-indicators-for-lebanon,The World Bank,http://linked.aub.edu.lb/CODEC/Lebanon/Dataset/social-development-Lebanon,2005
http://dbpedia.org/resource/Lebanon,SP.DYN.LE00.FE.IN,7.8915e+01,http://linked.aub.edu.lb/CODEC/Lebanon/observation/social-development-Lebanon-SP.DYN.LE00.FE.IN-2006,https://data.humdata.org/dataset/world-bank-social-development-indicators-for-lebanon,The World Bank,http://linked.aub.edu.lb/CODEC/Lebanon/Dataset/social-development-Lebanon,2006
http://dbpedia.org/resource/Lebanon,SP.DYN.LE00.FE.IN,7.9242e+01,http://linked.aub.edu.lb/CODEC/Lebanon/observation/social-development-Lebanon-SP.DYN.LE00.FE.IN-2007,https://data.humdata.org/dataset/world-bank-social-development-indicators-for-lebanon,The World Bank,http://linked.aub.edu.lb/CODEC/Lebanon/Dataset/social-development-Lebanon,2007
http://dbpedia.org/resource/Lebanon,SP.DYN.LE00.FE.IN,7.9439e+01,http://linked.aub.edu.lb/CODEC/Lebanon/observation/social-development-Lebanon-SP.DYN.LE00.FE.IN-2008,https://data.humdata.org/dataset/world-bank-social-development-indicators-for-lebanon,The World Bank,http://linked.aub.edu.lb/CODEC/Lebanon/Dataset/social-development-Lebanon,2008
http://dbpedia.org/resource/Lebanon,SP.DYN.LE00.FE.IN,7.9701e+01,http://linked.aub.edu.lb/CODEC/Lebanon/observation/social-development-Lebanon-SP.DYN.LE00.FE.IN-2009,https://data.humdata.org/dataset/world-bank-social-development-indicators-for-lebanon,The World Bank,http://linked.aub.edu.lb/CODEC/Lebanon/Dataset/social-development-Lebanon,2009
http://dbpedia.org/resource/Lebanon,SP.DYN.LE00.FE.IN,7.9916e+01,http://linked.aub.edu.lb/CODEC/Lebanon/observation/social-development-Lebanon-SP.DYN.LE00.FE.IN-2010,https://data.humdata.org/dataset/world-bank-social-development-indicators-for-lebanon,The World Bank,http://linked.aub.edu.lb/CODEC/Lebanon/Dataset/social-development-Lebanon,2010
http://dbpedia.org/resource/Lebanon,SP.DYN.LE00.FE.IN,8.0134e+01,http://linked.aub.edu.lb/CODEC/Lebanon/observation/social-development-Lebanon-SP.DYN.LE00.FE.IN-2011,https://data.humdata.org/dataset/world-bank-social-development-indicators-for-lebanon,The World Bank,http://linked.aub.edu.lb/CODEC/Lebanon/Dataset/social-development-Lebanon,2011
http://dbpedia.org/resource/Lebanon,SP.DYN.LE00.FE.IN,8.032e+01,http://linked.aub.edu.lb/CODEC/Lebanon/observation/social-development-Lebanon-SP.DYN.LE00.FE.IN-2012,https://data.humdata.org/dataset/world-bank-social-development-indicators-for-lebanon,The World Bank,http://linked.aub.edu.lb/CODEC/Lebanon/Dataset/social-development-Lebanon,2012
http://dbpedia.org/resource/Lebanon,SP.DYN.LE00.FE.IN,8.0479e+01,http://linked.aub.edu.lb/CODEC/Lebanon/observation/social-development-Lebanon-SP.DYN.LE00.FE.IN-2013,https://data.humdata.org/dataset/world-bank-social-development-indicators-for-lebanon,The World Bank,http://linked.aub.edu.lb/CODEC/Lebanon/Dataset/social-development-Lebanon,2013
http://dbpedia.org/resource/Lebanon,SP.DYN.LE00.FE.IN,8.0704e+01,http://linked.aub.edu.lb/CODEC/Lebanon/observation/social-development-Lebanon-SP.DYN.LE00.FE.IN-2014,https://data.humdata.org/dataset/world-bank-social-development-indicators-for-lebanon,The World Bank,http://linked.aub.edu.lb/CODEC/Lebanon/Dataset/social-development-Lebanon,2014
http://dbpedia.org/resource/Lebanon,SP.DYN.LE00.FE.IN,8.0951e+01,http://linked.aub.edu.lb/CODEC/Lebanon/observation/social-development-Lebanon-SP.DYN.LE00.FE.IN-2015,https://data.humdata.org/dataset/world-bank-social-development-indicators-for-lebanon,The World Bank,http://linked.aub.edu.lb/CODEC/Lebanon/Dataset/social-development-Lebanon,2015
http://dbpedia.org/resource/Lebanon,SP.DYN.LE00.FE.IN,8.1264e+01,http://linked.aub.edu.lb/CODEC/Lebanon/observation/social-development-Lebanon-SP.DYN.LE00.FE.IN-2016,https://data.humdata.org/dataset/world-bank-social-development-indicators-for-lebanon,The World Bank,http://linked.aub.edu.lb/CODEC/Lebanon/Dataset/social-development-Lebanon,2016
http://dbpedia.org/resource/Lebanon,SP.DYN.LE00.FE.IN,8.1475e+01,http://linked.aub.edu.lb/CODEC/Lebanon/observation/social-development-Lebanon-SP.DYN.LE00.FE.IN-2017,https://data.humdata.org/dataset/world-bank-social-development-indicators-for-lebanon,The World Bank,http://linked.aub.edu.lb/CODEC/Lebanon/Dataset/social-development-Lebanon,2017
http://dbpedia.org/resource/Lebanon,SP.DYN.LE00.FE.IN,8.1455e+01,http://linked.aub.edu.lb/CODEC/Lebanon/observation/social-development-Lebanon-SP.DYN.LE00.FE.IN-2018,https://data.humdata.org/dataset/world-bank-social-development-indicators-for-lebanon,The World Bank,http://linked.aub.edu.lb/CODEC/Lebanon/Dataset/social-development-Lebanon,2018
http://dbpedia.org/resource/Lebanon,SP.DYN.LE00.FE.IN,8.1043e+01,http://linked.aub.edu.lb/CODEC/Lebanon/observation/social-development-Lebanon-SP.DYN.LE00.FE.IN-2019,https://data.humdata.org/dataset/world-bank-social-development-indicators-for-lebanon,The World Bank,http://linked.aub.edu.lb/CODEC/Lebanon/Dataset/social-development-Lebanon,2019
http://dbpedia.org/resource/Lebanon,SP.DYN.LE00.FE.IN,7.9895e+01,http://linked.aub.edu.lb/CODEC/Lebanon/observation/social-development-Lebanon-SP.DYN.LE00.FE.IN-2020,https://data.humdata.org/dataset/world-bank-social-development-indicators-for-lebanon,The World Bank,http://linked.aub.edu.lb/CODEC/Lebanon/Dataset/social-development-Lebanon,2020
http://dbpedia.org/resource/Lebanon,SP.DYN.LE00.FE.IN,7.7251e+01,http://linked.aub.edu.lb/CODEC/Lebanon/observation/social-development-Lebanon-SP.DYN.LE00.FE.IN-2021,https://data.humdata.org/dataset/world-bank-social-development-indicators-for-lebanon,The World Bank,http://linked.aub.edu.lb/CODEC/Lebanon/Dataset/social-development-Lebanon,2021
http://dbpedia.org/resource/Lebanon,SP.DYN.LE00.MA.IN,6.3132e+01,http://linked.aub.edu.lb/CODEC/Lebanon/observation/social-development-Lebanon-SP.DYN.LE00.MA.IN-1960,https://data.humdata.org/dataset/world-bank-social-development-indicators-for-lebanon,The World Bank,http://linked.aub.edu.lb/CODEC/Lebanon/Dataset/social-development-Lebanon,1960
http://dbpedia.org/resource/Lebanon,SP.DYN.LE00.MA.IN,6.3575e+01,http://linked.aub.edu.lb/CODEC/Lebanon/observation/social-development-Lebanon-SP.DYN.LE00.MA.IN-1961,https://data.humdata.org/dataset/world-bank-social-development-indicators-for-lebanon,The World Bank,http://linked.aub.edu.lb/CODEC/Lebanon/Dataset/social-development-Lebanon,1961
http://dbpedia.org/resource/Lebanon,SP.DYN.LE00.MA.IN,6.3677e+01,http://linked.aub.edu.lb/CODEC/Lebanon/observation/social-development-Lebanon-SP.DYN.LE00.MA.IN-1962,https://data.humdata.org/dataset/world-bank-social-development-indicators-for-lebanon,The World Bank,http://linked.aub.edu.lb/CODEC/Lebanon/Dataset/social-development-Lebanon,1962
http://dbpedia.org/resource/Lebanon,SP.DYN.LE00.MA.IN,6.3832e+01,http://linked.aub.edu.lb/CODEC/Lebanon/observation/social-development-Lebanon-SP.DYN.LE00.MA.IN-1963,https://data.humdata.org/dataset/world-bank-social-development-indicators-for-lebanon,The World Bank,http://linked.aub.edu.lb/CODEC/Lebanon/Dataset/social-development-Lebanon,1963
http://dbpedia.org/resource/Lebanon,SP.DYN.LE00.MA.IN,6.4281e+01,http://linked.aub.edu.lb/CODEC/Lebanon/observation/social-development-Lebanon-SP.DYN.LE00.MA.IN-1964,https://data.humdata.org/dataset/world-bank-social-development-indicators-for-lebanon,The World Bank,http://linked.aub.edu.lb/CODEC/Lebanon/Dataset/social-development-Lebanon,1964
http://dbpedia.org/resource/Lebanon,SP.DYN.LE00.MA.IN,6.438e+01,http://linked.aub.edu.lb/CODEC/Lebanon/observation/social-development-Lebanon-SP.DYN.LE00.MA.IN-1965,https://data.humdata.org/dataset/world-bank-social-development-indicators-for-lebanon,The World Bank,http://linked.aub.edu.lb/CODEC/Lebanon/Dataset/social-development-Lebanon,1965
http://dbpedia.org/resource/Lebanon,SP.DYN.LE00.MA.IN,6.4517e+01,http://linked.aub.edu.lb/CODEC/Lebanon/observation/social-development-Lebanon-SP.DYN.LE00.MA.IN-1966,https://data.humdata.org/dataset/world-bank-social-development-indicators-for-lebanon,The World Bank,http://linked.aub.edu.lb/CODEC/Lebanon/Dataset/social-development-Lebanon,1966
http://dbpedia.org/resource/Lebanon,SP.DYN.LE00.MA.IN,6.4882e+01,http://linked.aub.edu.lb/CODEC/Lebanon/observation/social-development-Lebanon-SP.DYN.LE00.MA.IN-1967,https://data.humdata.org/dataset/world-bank-social-development-indicators-for-lebanon,The World Bank,http://linked.aub.edu.lb/CODEC/Lebanon/Dataset/social-development-Lebanon,1967
http://dbpedia.org/resource/Lebanon,SP.DYN.LE00.MA.IN,6.4975e+01,http://linked.aub.edu.lb/CODEC/Lebanon/observation/social-development-Lebanon-SP.DYN.LE00.MA.IN-1968,https://data.humdata.org/dataset/world-bank-social-development-indicators-for-lebanon,The World Bank,http://linked.aub.edu.lb/CODEC/Lebanon/Dataset/social-development-Lebanon,1968
http://dbpedia.org/resource/Lebanon,SP.DYN.LE00.MA.IN,6.5083e+01,http://linked.aub.edu.lb/CODEC/Lebanon/observation/social-development-Lebanon-SP.DYN.LE00.MA.IN-1969,https://data.humdata.org/dataset/world-bank-social-development-indicators-for-lebanon,The World Bank,http://linked.aub.edu.lb/CODEC/Lebanon/Dataset/social-development-Lebanon,1969
http://dbpedia.org/resource/Lebanon,SP.DYN.LE00.MA.IN,6.517e+01,http://linked.aub.edu.lb/CODEC/Lebanon/observation/social-development-Lebanon-SP.DYN.LE00.MA.IN-1970,https://data.humdata.org/dataset/world-bank-social-development-indicators-for-lebanon,The World Bank,http://linked.aub.edu.lb/CODEC/Lebanon/Dataset/social-development-Lebanon,1970
http://dbpedia.org/resource/Lebanon,SP.DYN.LE00.MA.IN,6.522e+01,http://linked.aub.edu.lb/CODEC/Lebanon/observation/social-development-Lebanon-SP.DYN.LE00.MA.IN-1971,https://data.humdata.org/dataset/world-bank-social-development-indicators-for-lebanon,The World Bank,http://linked.aub.edu.lb/CODEC/Lebanon/Dataset/social-development-Lebanon,1971
http://dbpedia.org/resource/Lebanon,SP.DYN.LE00.MA.IN,6.5341e+01,http://linked.aub.edu.lb/CODEC/Lebanon/observation/social-development-Lebanon-SP.DYN.LE00.MA.IN-1972,https://data.humdata.org/dataset/world-bank-social-development-indicators-for-lebanon,The World Bank,http://linked.aub.edu.lb/CODEC/Lebanon/Dataset/social-development-Lebanon,1972
http://dbpedia.org/resource/Lebanon,SP.DYN.LE00.MA.IN,6.5668e+01,http://linked.aub.edu.lb/CODEC/Lebanon/observation/social-development-Lebanon-SP.DYN.LE00.MA.IN-1973,https://data.humdata.org/dataset/world-bank-social-development-indicators-for-lebanon,The World Bank,http://linked.aub.edu.lb/CODEC/Lebanon/Dataset/social-development-Lebanon,1973
http://dbpedia.org/resource/Lebanon,SP.DYN.LE00.MA.IN,6.573e+01,http://linked.aub.edu.lb/CODEC/Lebanon/observation/social-development-Lebanon-SP.DYN.LE00.MA.IN-1974,https://data.humdata.org/dataset/world-bank-social-development-indicators-for-lebanon,The World Bank,http://linked.aub.edu.lb/CODEC/Lebanon/Dataset/social-development-Lebanon,1974
http://dbpedia.org/resource/Lebanon,SP.DYN.LE00.MA.IN,5.0806e+01,http://linked.aub.edu.lb/CODEC/Lebanon/observation/social-development-Lebanon-SP.DYN.LE00.MA.IN-1975,https://data.humdata.org/dataset/world-bank-social-development-indicators-for-lebanon,The World Bank,http://linked.aub.edu.lb/CODEC/Lebanon/Dataset/social-development-Lebanon,1975
http://dbpedia.org/resource/Lebanon,SP.DYN.LE00.MA.IN,2.8022e+01,http://linked.aub.edu.lb/CODEC/Lebanon/observation/social-development-Lebanon-SP.DYN.LE00.MA.IN-1976,https://data.humdata.org/dataset/world-bank-social-development-indicators-for-lebanon,The World Bank,http://linked.aub.edu.lb/CODEC/Lebanon/Dataset/social-development-Lebanon,1976
http://dbpedia.org/resource/Lebanon,SP.DYN.LE00.MA.IN,5.5309e+01,http://linked.aub.edu.lb/CODEC/Lebanon/observation/social-development-Lebanon-SP.DYN.LE00.MA.IN-1977,https://data.humdata.org/dataset/world-bank-social-development-indicators-for-lebanon,The World Bank,http://linked.aub.edu.lb/CODEC/Lebanon/Dataset/social-development-Lebanon,1977
http://dbpedia.org/resource/Lebanon,SP.DYN.LE00.MA.IN,5.5376e+01,http://linked.aub.edu.lb/CODEC/Lebanon/observation/social-development-Lebanon-SP.DYN.LE00.MA.IN-1978,https://data.humdata.org/dataset/world-bank-social-development-indicators-for-lebanon,The World Bank,http://linked.aub.edu.lb/CODEC/Lebanon/Dataset/social-development-Lebanon,1978
http://dbpedia.org/resource/Lebanon,SP.DYN.LE00.MA.IN,5.5436e+01,http://linked.aub.edu.lb/CODEC/Lebanon/observation/social-development-Lebanon-SP.DYN.LE00.MA.IN-1979,https://data.humdata.org/dataset/world-bank-social-development-indicators-for-lebanon,The World Bank,http://linked.aub.edu.lb/CODEC/Lebanon/Dataset/social-development-Lebanon,1979
http://dbpedia.org/resource/Lebanon,SP.DYN.LE00.MA.IN,5.5736e+01,http://linked.aub.edu.lb/CODEC/Lebanon/observation/social-development-Lebanon-SP.DYN.LE00.MA.IN-1980,https://data.humdata.org/dataset/world-bank-social-development-indicators-for-lebanon,The World Bank,http://linked.aub.edu.lb/CODEC/Lebanon/Dataset/social-development-Lebanon,1980
http://dbpedia.org/resource/Lebanon,SP.DYN.LE00.MA.IN,5.5872e+01,http://linked.aub.edu.lb/CODEC/Lebanon/observation/social-development-Lebanon-SP.DYN.LE00.MA.IN-1981,https://data.humdata.org/dataset/world-bank-social-development-indicators-for-lebanon,The World Bank,http://linked.aub.edu.lb/CODEC/Lebanon/Dataset/social-development-Lebanon,1981
http://dbpedia.org/resource/Lebanon,SP.DYN.LE00.MA.IN,3.9024e+01,http://linked.aub.edu.lb/CODEC/Lebanon/observation/social-development-Lebanon-SP.DYN.LE00.MA.IN-1982,https://data.humdata.org/dataset/world-bank-social-development-indicators-for-lebanon,The World Bank,http://linked.aub.edu.lb/CODEC/Lebanon/Dataset/social-development-Lebanon,1982
http://dbpedia.org/resource/Lebanon,SP.DYN.LE00.MA.IN,5.3585e+01,http://linked.aub.edu.lb/CODEC/Lebanon/observation/social-development-Lebanon-SP.DYN.LE00.MA.IN-1983,https://data.humdata.org/dataset/world-bank-social-development-indicators-for-lebanon,The World Bank,http://linked.aub.edu.lb/CODEC/Lebanon/Dataset/social-development-Lebanon,1983
http://dbpedia.org/resource/Lebanon,SP.DYN.LE00.MA.IN,5.3822e+01,http://linked.aub.edu.lb/CODEC/Lebanon/observation/social-development-Lebanon-SP.DYN.LE00.MA.IN-1984,https://data.humdata.org/dataset/world-bank-social-development-indicators-for-lebanon,The World Bank,http://linked.aub.edu.lb/CODEC/Lebanon/Dataset/social-development-Lebanon,1984
http://dbpedia.org/resource/Lebanon,SP.DYN.LE00.MA.IN,5.4015e+01,http://linked.aub.edu.lb/CODEC/Lebanon/observation/social-development-Lebanon-SP.DYN.LE00.MA.IN-1985,https://data.humdata.org/dataset/world-bank-social-development-indicators-for-lebanon,The World Bank,http://linked.aub.edu.lb/CODEC/Lebanon/Dataset/social-development-Lebanon,1985
http://dbpedia.org/resource/Lebanon,SP.DYN.LE00.MA.IN,5.4471e+01,http://linked.aub.edu.lb/CODEC/Lebanon/observation/social-development-Lebanon-SP.DYN.LE00.MA.IN-1986,https://data.humdata.org/dataset/world-bank-social-development-indicators-for-lebanon,The World Bank,http://linked.aub.edu.lb/CODEC/Lebanon/Dataset/social-development-Lebanon,1986
http://dbpedia.org/resource/Lebanon,SP.DYN.LE00.MA.IN,5.7352e+01,http://linked.aub.edu.lb/CODEC/Lebanon/observation/social-development-Lebanon-SP.DYN.LE00.MA.IN-1987,https://data.humdata.org/dataset/world-bank-social-development-indicators-for-lebanon,The World Bank,http://linked.aub.edu.lb/CODEC/Lebanon/Dataset/social-development-Lebanon,1987
http://dbpedia.org/resource/Lebanon,SP.DYN.LE00.MA.IN,5.7748e+01,http://linked.aub.edu.lb/CODEC/Lebanon/observation/social-development-Lebanon-SP.DYN.LE00.MA.IN-1988,https://data.humdata.org/dataset/world-bank-social-development-indicators-for-lebanon,The World Bank,http://linked.aub.edu.lb/CODEC/Lebanon/Dataset/social-development-Lebanon,1988
http://dbpedia.org/resource/Lebanon,SP.DYN.LE00.MA.IN,5.7627e+01,http://linked.aub.edu.lb/CODEC/Lebanon/observation/social-development-Lebanon-SP.DYN.LE00.MA.IN-1989,https://data.humdata.org/dataset/world-bank-social-development-indicators-for-lebanon,The World Bank,http://linked.aub.edu.lb/CODEC/Lebanon/Dataset/social-development-Lebanon,1989
http://dbpedia.org/resource/Lebanon,SP.DYN.LE00.MA.IN,5.8044e+01,http://linked.aub.edu.lb/CODEC/Lebanon/observation/social-development-Lebanon-SP.DYN.LE00.MA.IN-1990,https://data.humdata.org/dataset/world-bank-social-development-indicators-for-lebanon,The World Bank,http://linked.aub.edu.lb/CODEC/Lebanon/Dataset/social-development-Lebanon,1990
http://dbpedia.org/resource/Lebanon,SP.DYN.LE00.MA.IN,6.9744e+01,http://linked.aub.edu.lb/CODEC/Lebanon/observation/social-development-Lebanon-SP.DYN.LE00.MA.IN-1991,https://data.humdata.org/dataset/world-bank-social-development-indicators-for-lebanon,The World Bank,http://linked.aub.edu.lb/CODEC/Lebanon/Dataset/social-development-Lebanon,1991
http://dbpedia.org/resource/Lebanon,SP.DYN.LE00.MA.IN,6.9767e+01,http://linked.aub.edu.lb/CODEC/Lebanon/observation/social-development-Lebanon-SP.DYN.LE00.MA.IN-1992,https://data.humdata.org/dataset/world-bank-social-development-indicators-for-lebanon,The World Bank,http://linked.aub.edu.lb/CODEC/Lebanon/Dataset/social-development-Lebanon,1992
http://dbpedia.org/resource/Lebanon,SP.DYN.LE00.MA.IN,6.9796e+01,http://linked.aub.edu.lb/CODEC/Lebanon/observation/social-development-Lebanon-SP.DYN.LE00.MA.IN-1993,https://data.humdata.org/dataset/world-bank-social-development-indicators-for-lebanon,The World Bank,http://linked.aub.edu.lb/CODEC/Lebanon/Dataset/social-development-Lebanon,1993
http://dbpedia.org/resource/Lebanon,SP.DYN.LE00.MA.IN,7.0134e+01,http://linked.aub.edu.lb/CODEC/Lebanon/observation/social-development-Lebanon-SP.DYN.LE00.MA.IN-1994,https://data.humdata.org/dataset/world-bank-social-development-indicators-for-lebanon,The World Bank,http://linked.aub.edu.lb/CODEC/Lebanon/Dataset/social-development-Lebanon,1994
http://dbpedia.org/resource/Lebanon,SP.DYN.LE00.MA.IN,7.0762e+01,http://linked.aub.edu.lb/CODEC/Lebanon/observation/social-development-Lebanon-SP.DYN.LE00.MA.IN-1995,https://data.humdata.org/dataset/world-bank-social-development-indicators-for-lebanon,The World Bank,http://linked.aub.edu.lb/CODEC/Lebanon/Dataset/social-development-Lebanon,1995
http://dbpedia.org/resource/Lebanon,SP.DYN.LE00.MA.IN,7.0891e+01,http://linked.aub.edu.lb/CODEC/Lebanon/observation/social-development-Lebanon-SP.DYN.LE00.MA.IN-1996,https://data.humdata.org/dataset/world-bank-social-development-indicators-for-lebanon,The World Bank,http://linked.aub.edu.lb/CODEC/Lebanon/Dataset/social-development-Lebanon,1996
http://dbpedia.org/resource/Lebanon,SP.DYN.LE00.MA.IN,7.1124e+01,http://linked.aub.edu.lb/CODEC/Lebanon/observation/social-development-Lebanon-SP.DYN.LE00.MA.IN-1997,https://data.humdata.org/dataset/world-bank-social-development-indicators-for-lebanon,The World Bank,http://linked.aub.edu.lb/CODEC/Lebanon/Dataset/social-development-Lebanon,1997
http://dbpedia.org/resource/Lebanon,SP.DYN.LE00.MA.IN,7.1312e+01,http://linked.aub.edu.lb/CODEC/Lebanon/observation/social-development-Lebanon-SP.DYN.LE00.MA.IN-1998,https://data.humdata.org/dataset/world-bank-social-development-indicators-for-lebanon,The World Bank,http://linked.aub.edu.lb/CODEC/Lebanon/Dataset/social-development-Lebanon,1998
http://dbpedia.org/resource/Lebanon,SP.DYN.LE00.MA.IN,7.1893e+01,http://linked.aub.edu.lb/CODEC/Lebanon/observation/social-development-Lebanon-SP.DYN.LE00.MA.IN-1999,https://data.humdata.org/dataset/world-bank-social-development-indicators-for-lebanon,The World Bank,http://linked.aub.edu.lb/CODEC/Lebanon/Dataset/social-development-Lebanon,1999
http://dbpedia.org/resource/Lebanon,SP.DYN.LE00.MA.IN,7.2251e+01,http://linked.aub.edu.lb/CODEC/Lebanon/observation/social-development-Lebanon-SP.DYN.LE00.MA.IN-2000,https://data.humdata.org/dataset/world-bank-social-development-indicators-for-lebanon,The World Bank,http://linked.aub.edu.lb/CODEC/Lebanon/Dataset/social-development-Lebanon,2000
http://dbpedia.org/resource/Lebanon,SP.DYN.LE00.MA.IN,7.2558e+01,http://linked.aub.edu.lb/CODEC/Lebanon/observation/social-development-Lebanon-SP.DYN.LE00.MA.IN-2001,https://data.humdata.org/dataset/world-bank-social-development-indicators-for-lebanon,The World Bank,http://linked.aub.edu.lb/CODEC/Lebanon/Dataset/social-development-Lebanon,2001
http://dbpedia.org/resource/Lebanon,SP.DYN.LE00.MA.IN,7.2957e+01,http://linked.aub.edu.lb/CODEC/Lebanon/observation/social-development-Lebanon-SP.DYN.LE00.MA.IN-2002,https://data.humdata.org/dataset/world-bank-social-development-indicators-for-lebanon,The World Bank,http://linked.aub.edu.lb/CODEC/Lebanon/Dataset/social-development-Lebanon,2002
http://dbpedia.org/resource/Lebanon,SP.DYN.LE00.MA.IN,7.3657e+01,http://linked.aub.edu.lb/CODEC/Lebanon/observation/social-development-Lebanon-SP.DYN.LE00.MA.IN-2003,https://data.humdata.org/dataset/world-bank-social-development-indicators-for-lebanon,The World Bank,http://linked.aub.edu.lb/CODEC/Lebanon/Dataset/social-development-Lebanon,2003
http://dbpedia.org/resource/Lebanon,SP.DYN.LE00.MA.IN,7.3919e+01,http://linked.aub.edu.lb/CODEC/Lebanon/observation/social-development-Lebanon-SP.DYN.LE00.MA.IN-2004,https://data.humdata.org/dataset/world-bank-social-development-indicators-for-lebanon,The World Bank,http://linked.aub.edu.lb/CODEC/Lebanon/Dataset/social-development-Lebanon,2004
http://dbpedia.org/resource/Lebanon,SP.DYN.LE00.MA.IN,7.4223e+01,http://linked.aub.edu.lb/CODEC/Lebanon/observation/social-development-Lebanon-SP.DYN.LE00.MA.IN-2005,https://data.humdata.org/dataset/world-bank-social-development-indicators-for-lebanon,The World Bank,http://linked.aub.edu.lb/CODEC/Lebanon/Dataset/social-development-Lebanon,2005
http://dbpedia.org/resource/Lebanon,SP.DYN.LE00.MA.IN,7.3145e+01,http://linked.aub.edu.lb/CODEC/Lebanon/observation/social-development-Lebanon-SP.DYN.LE00.MA.IN-2006,https://data.humdata.org/dataset/world-bank-social-development-indicators-for-lebanon,The World Bank,http://linked.aub.edu.lb/CODEC/Lebanon/Dataset/social-development-Lebanon,2006
http://dbpedia.org/resource/Lebanon,SP.DYN.LE00.MA.IN,7.4719e+01,http://linked.aub.edu.lb/CODEC/Lebanon/observation/social-development-Lebanon-SP.DYN.LE00.MA.IN-2007,https://data.humdata.org/dataset/world-bank-social-development-indicators-for-lebanon,The World Bank,http://linked.aub.edu.lb/CODEC/Lebanon/Dataset/social-development-Lebanon,2007
http://dbpedia.org/resource/Lebanon,SP.DYN.LE00.MA.IN,7.5489e+01,http://linked.aub.edu.lb/CODEC/Lebanon/observation/social-development-Lebanon-SP.DYN.LE00.MA.IN-2008,https://data.humdata.org/dataset/world-bank-social-development-indicators-for-lebanon,The World Bank,http://linked.aub.edu.lb/CODEC/Lebanon/Dataset/social-development-Lebanon,2008
http://dbpedia.org/resource/Lebanon,SP.DYN.LE00.MA.IN,7.5826e+01,http://linked.aub.edu.lb/CODEC/Lebanon/observation/social-development-Lebanon-SP.DYN.LE00.MA.IN-2009,https://data.humdata.org/dataset/world-bank-social-development-indicators-for-lebanon,The World Bank,http://linked.aub.edu.lb/CODEC/Lebanon/Dataset/social-development-Lebanon,2009
http://dbpedia.org/resource/Lebanon,SP.DYN.LE00.MA.IN,7.6136e+01,http://linked.aub.edu.lb/CODEC/Lebanon/observation/social-development-Lebanon-SP.DYN.LE00.MA.IN-2010,https://data.humdata.org/dataset/world-bank-social-development-indicators-for-lebanon,The World Bank,http://linked.aub.edu.lb/CODEC/Lebanon/Dataset/social-development-Lebanon,2010
http://dbpedia.org/resource/Lebanon,SP.DYN.LE00.MA.IN,7.6407e+01,http://linked.aub.edu.lb/CODEC/Lebanon/observation/social-development-Lebanon-SP.DYN.LE00.MA.IN-2011,https://data.humdata.org/dataset/world-bank-social-development-indicators-for-lebanon,The World Bank,http://linked.aub.edu.lb/CODEC/Lebanon/Dataset/social-development-Lebanon,2011
http://dbpedia.org/resource/Lebanon,SP.DYN.LE00.MA.IN,7.6666e+01,http://linked.aub.edu.lb/CODEC/Lebanon/observation/social-development-Lebanon-SP.DYN.LE00.MA.IN-2012,https://data.humdata.org/dataset/world-bank-social-development-indicators-for-lebanon,The World Bank,http://linked.aub.edu.lb/CODEC/Lebanon/Dataset/social-development-Lebanon,2012
http://dbpedia.org/resource/Lebanon,SP.DYN.LE00.MA.IN,7.6782e+01,http://linked.aub.edu.lb/CODEC/Lebanon/observation/social-development-Lebanon-SP.DYN.LE00.MA.IN-2013,https://data.humdata.org/dataset/world-bank-social-development-indicators-for-lebanon,The World Bank,http://linked.aub.edu.lb/CODEC/Lebanon/Dataset/social-development-Lebanon,2013
http://dbpedia.org/resource/Lebanon,SP.DYN.LE00.MA.IN,7.6971e+01,http://linked.aub.edu.lb/CODEC/Lebanon/observation/social-development-Lebanon-SP.DYN.LE00.MA.IN-2014,https://data.humdata.org/dataset/world-bank-social-development-indicators-for-lebanon,The World Bank,http://linked.aub.edu.lb/CODEC/Lebanon/Dataset/social-development-Lebanon,2014
http://dbpedia.org/resource/Lebanon,SP.DYN.LE00.MA.IN,7.7234e+01,http://linked.aub.edu.lb/CODEC/Lebanon/observation/social-development-Lebanon-SP.DYN.LE00.MA.IN-2015,https://data.humdata.org/dataset/world-bank-social-development-indicators-for-lebanon,The World Bank,http://linked.aub.edu.lb/CODEC/Lebanon/Dataset/social-development-Lebanon,2015
http://dbpedia.org/resource/Lebanon,SP.DYN.LE00.MA.IN,7.7492e+01,http://linked.aub.edu.lb/CODEC/Lebanon/observation/social-development-Lebanon-SP.DYN.LE00.MA.IN-2016,https://data.humdata.org/dataset/world-bank-social-development-indicators-for-lebanon,The World Bank,http://linked.aub.edu.lb/CODEC/Lebanon/Dataset/social-development-Lebanon,2016
http://dbpedia.org/resource/Lebanon,SP.DYN.LE00.MA.IN,7.7599e+01,http://linked.aub.edu.lb/CODEC/Lebanon/observation/social-development-Lebanon-SP.DYN.LE00.MA.IN-2017,https://data.humdata.org/dataset/world-bank-social-development-indicators-for-lebanon,The World Bank,http://linked.aub.edu.lb/CODEC/Lebanon/Dataset/social-development-Lebanon,2017
http://dbpedia.org/resource/Lebanon,SP.DYN.LE00.MA.IN,7.7784e+01,http://linked.aub.edu.lb/CODEC/Lebanon/observation/social-development-Lebanon-SP.DYN.LE00.MA.IN-2018,https://data.humdata.org/dataset/world-bank-social-development-indicators-for-lebanon,The World Bank,http://linked.aub.edu.lb/CODEC/Lebanon/Dataset/social-development-Lebanon,2018
http://dbpedia.org/resource/Lebanon,SP.DYN.LE00.MA.IN,7.7251e+01,http://linked.aub.edu.lb/CODEC/Lebanon/observation/social-development-Lebanon-SP.DYN.LE00.MA.IN-2019,https://data.humdata.org/dataset/world-bank-social-development-indicators-for-lebanon,The World Bank,http://linked.aub.edu.lb/CODEC/Lebanon/Dataset/social-development-Lebanon,2019
http://dbpedia.org/resource/Lebanon,SP.DYN.LE00.MA.IN,7.5637e+01,http://linked.aub.edu.lb/CODEC/Lebanon/observation/social-development-Lebanon-SP.DYN.LE00.MA.IN-2020,https://data.humdata.org/dataset/world-bank-social-development-indicators-for-lebanon,The World Bank,http://linked.aub.edu.lb/CODEC/Lebanon/Dataset/social-development-Lebanon,2020
http://dbpedia.org/resource/Lebanon,SP.DYN.LE00.MA.IN,7.2847e+01,http://linked.aub.edu.lb/CODEC/Lebanon/observation/social-development-Lebanon-SP.DYN.LE00.MA.IN-2021,https://data.humdata.org/dataset/world-bank-social-development-indicators-for-lebanon,The World Bank,http://linked.aub.edu.lb/CODEC/Lebanon/Dataset/social-development-Lebanon,2021
